,id,city,population,Total:Population of one race:,Total:Population of one race:White alone,Total:Population of one race:Black or African American alone,Total:Population of one race:American Indian and Alaska Native alone,Total:Population of one race:Asian alone,Total:Population of one race:Native Hawaiian and Other Pacific Islander alone,Total:Population of one race:Some Other Race alone,Total:Population of two or more races:,Total:Population of two or more races:Population of two races:,Total:Population of two or more races:Population of two races:White; Black or African American,Total:Population of two or more races:Population of two races:White; American Indian and Alaska Native,Total:Population of two or more races:Population of two races:White; Asian,Total:Population of two or more races:Population of two races:White; Native Hawaiian and Other Pacific Islander,Total:Population of two or more races:Population of two races:White; Some Other Race,Total:Population of two or more races:Population of two races:Black or African American; American Indian and Alaska Native,Total:Population of two or more races:Population of two races:Black or African American; Asian,Total:Population of two or more races:Population of two races:Black or African American; Native Hawaiian and Other Pacific Islander,Total:Population of two or more races:Population of two races:Black or African American; Some Other Race,Total:Population of two or more races:Population of two races:American Indian and Alaska Native; Asian,Total:Population of two or more races:Population of two races:American Indian and Alaska Native; Native Hawaiian and Other Pacific Islander,Total:Population of two or more races:Population of two races:American Indian and Alaska Native; Some Other Race,Total:Population of two or more races:Population of two races:Asian; Native Hawaiian and Other Pacific Islander,Total:Population of two or more races:Population of two races:Asian; Some Other Race,Total:Population of two or more races:Population of two races:Native Hawaiian and Other Pacific Islander; Some Other Race,Total:Population of two or more races:Population of three races:,Total:Population of two or more races:Population of three races:White; Black or African American; American Indian and Alaska Native,Total:Population of two or more races:Population of three races:White; Black or African American; Asian,Total:Population of two or more races:Population of three races:White; Black or African American; Native Hawaiian and Other Pacific Islander,Total:Population of two or more races:Population of three races:White; Black or African American; Some Other Race,Total:Population of two or more races:Population of three races:White; American Indian and Alaska Native; Asian,Total:Population of two or more races:Population of three races:White; American Indian and Alaska Native; Native Hawaiian and Other Pacific Islander,Total:Population of two or more races:Population of three races:White; American Indian and Alaska Native; Some Other Race,Total:Population of two or more races:Population of three races:White; Asian; Native Hawaiian and Other Pacific Islander,Total:Population of two or more races:Population of three races:White; Asian; Some Other Race,Total:Population of two or more races:Population of three races:White; Native Hawaiian and Other Pacific Islander; Some Other Race,Total:Population of two or more races:Population of three races:Black or African American; American Indian and Alaska Native; Asian,Total:Population of two or more races:Population of three races:Black or African American; American Indian and Alaska Native; Native Hawaiian and Other Pacific Islander,Total:Population of two or more races:Population of three races:Black or African American; American Indian and Alaska Native; Some Other Race,Total:Population of two or more races:Population of three races:Black or African American; Asian; Native Hawaiian and Other Pacific Islander,Total:Population of two or more races:Population of three races:Black or African American; Asian; Some Other Race,Total:Population of two or more races:Population of three races:Black or African American; Native Hawaiian and Other Pacific Islander; Some Other Race,Total:Population of two or more races:Population of three races:American Indian and Alaska Native; Asian; Native Hawaiian and Other Pacific Islander,Total:Population of two or more races:Population of three races:American Indian and Alaska Native; Asian; Some Other Race,Total:Population of two or more races:Population of three races:American Indian and Alaska Native; Native Hawaiian and Other Pacific Islander; Some Other Race,Total:Population of two or more races:Population of three races:Asian; Native Hawaiian and Other Pacific Islander; Some Other Race,Total:Population of two or more races:Population of four races:,Total:Population of two or more races:Population of four races:White; Black or African American; American Indian and Alaska Native; Asian,Total:Population of two or more races:Population of four races:White; Black or African American; American Indian and Alaska Native; Native Hawaiian and Other Pacific Islander,Total:Population of two or more races:Population of four races:White; Black or African American; American Indian and Alaska Native; Some Other Race,Total:Population of two or more races:Population of four races:White; Black or African American; Asian; Native Hawaiian and Other Pacific Islander,Total:Population of two or more races:Population of four races:White; Black or African American; Asian; Some Other Race,Total:Population of two or more races:Population of four races:White; Black or African American; Native Hawaiian and Other Pacific Islander; Some Other Race,Total:Population of two or more races:Population of four races:White; American Indian and Alaska Native; Asian; Native Hawaiian and Other Pacific Islander,Total:Population of two or more races:Population of four races:White; American Indian and Alaska Native; Asian; Some Other Race,Total:Population of two or more races:Population of four races:White; American Indian and Alaska Native; Native Hawaiian and Other Pacific Islander; Some Other Race,Total:Population of two or more races:Population of four races:White; Asian; Native Hawaiian and Other Pacific Islander; Some Other Race,Total:Population of two or more races:Population of four races:Black or African American; American Indian and Alaska Native; Asian; Native Hawaiian and Other Pacific Islander,Total:Population of two or more races:Population of four races:Black or African American; American Indian and Alaska Native; Asian; Some Other Race,Total:Population of two or more races:Population of four races:Black or African American; American Indian and Alaska Native; Native Hawaiian and Other Pacific Islander; Some Other Race,Total:Population of two or more races:Population of four races:Black or African American; Asian; Native Hawaiian and Other Pacific Islander; Some Other Race,Total:Population of two or more races:Population of four races:American Indian and Alaska Native; Asian; Native Hawaiian and Other Pacific Islander; Some Other Race,Total:Population of two or more races:Population of five races:,Total:Population of two or more races:Population of five races:White; Black or African American; American Indian and Alaska Native; Asian; Native Hawaiian and Other Pacific Islander,Total:Population of two or more races:Population of five races:White; Black or African American; American Indian and Alaska Native; Asian; Some Other Race,Total:Population of two or more races:Population of five races:White; Black or African American; American Indian and Alaska Native; Native Hawaiian and Other Pacific Islander; Some Other Race,Total:Population of two or more races:Population of five races:White; Black or African American; Asian; Native Hawaiian and Other Pacific Islander; Some Other Race,Total:Population of two or more races:Population of five races:White; American Indian and Alaska Native; Asian; Native Hawaiian and Other Pacific Islander; Some Other Race,Total:Population of two or more races:Population of five races:Black or African American; American Indian and Alaska Native; Asian; Native Hawaiian and Other Pacific Islander; Some Other Race,Total:Population of two or more races:Population of six races:,Total:Population of two or more races:Population of six races:White; Black or African American; American Indian and Alaska Native; Asian; Native Hawaiian and Other Pacific Islander; Some Other Race
0,0600000US2500100000,"County subdivisions not defined, Barnstable County, Massachusetts",0,0,0,0,0,0,0,0,0,0,0,0,0,0,0,0,0,0,0,0,0,0,0,0,0,0,0,0,0,0,0,0,0,0,0,0,0,0,0,0,0,0,0,0,0,0,0,0,0,0,0,0,0,0,0,0,0,0,0,0,0,0,0,0,0,0,0,0,0,0,0
1,0600000US2500103690,Barnstable,48916,43481,37777,2235,260,860,30,2319,5435,5056,350,381,190,24,3648,70,16,3,328,1,1,19,6,14,5,336,74,4,0,168,1,0,31,13,20,0,2,0,17,2,3,1,0,0,0,0,39,0,0,27,0,8,2,0,0,0,2,0,0,0,0,0,4,0,4,0,0,0,0,0,0
2,0600000US2500107175,Bourne,20452,19421,18399,312,107,309,9,285,1031,902,121,157,101,9,432,10,3,0,51,1,2,0,1,14,0,110,13,0,0,56,5,0,16,10,2,0,0,0,5,0,2,0,0,0,0,1,19,0,0,16,0,2,1,0,0,0,0,0,0,0,0,0,0,0,0,0,0,0,0,0,0
3,0600000US2500107980,Brewster,10318,9832,9435,163,20,108,7,99,486,450,57,54,66,0,250,0,0,0,17,0,0,3,1,2,0,27,0,0,0,17,0,0,6,2,1,0,0,0,1,0,0,0,0,0,0,0,7,0,0,4,0,3,0,0,0,0,0,0,0,0,0,0,2,0,2,0,0,0,0,0,0
4,0600000US2500112995,Chatham,6594,6419,6093,154,10,51,0,111,175,165,24,22,25,1,68,0,1,0,23,0,1,0,0,0,0,8,1,3,0,2,2,0,0,0,0,0,0,0,0,0,0,0,0,0,0,0,2,0,0,2,0,0,0,0,0,0,0,0,0,0,0,0,0,0,0,0,0,0,0,0,0
5,0600000US2500116775,Dennis,14674,13913,12876,611,39,126,6,255,761,705,88,109,44,4,389,6,3,5,48,2,0,1,0,6,0,49,9,5,1,14,3,0,9,1,1,0,0,0,6,0,0,0,0,0,0,0,7,0,0,3,0,2,1,0,0,0,1,0,0,0,0,0,0,0,0,0,0,0,0,0,0
6,0600000US2500119295,Eastham,5752,5501,5213,190,11,42,0,45,251,244,39,38,19,3,141,3,0,0,1,0,0,0,0,0,0,5,0,0,0,0,0,1,0,2,0,0,0,0,2,0,0,0,0,0,0,0,2,0,0,2,0,0,0,0,0,0,0,0,0,0,0,0,0,0,0,0,0,0,0,0,0
7,0600000US2500123105,Falmouth,32517,30281,28221,676,184,543,10,647,2236,1986,196,295,177,7,1082,19,7,2,177,0,0,10,0,10,4,234,34,2,2,132,5,1,34,6,7,0,2,0,6,0,2,0,1,0,0,0,15,2,0,8,2,1,1,0,0,0,1,0,0,0,0,0,1,1,0,0,0,0,0,0,0
8,0600000US2500129020,Harwich,13440,12689,11922,350,31,108,2,276,751,693,107,92,52,2,370,4,3,0,57,0,0,4,1,0,1,54,9,0,0,38,0,0,3,2,0,0,0,0,1,0,1,0,0,0,0,0,4,0,0,2,0,1,1,0,0,0,0,0,0,0,0,0,0,0,0,0,0,0,0,0,0
9,0600000US2500139100,Mashpee,15060,14033,12822,359,413,173,1,265,1027,852,107,158,63,0,427,24,1,0,57,3,1,4,0,5,2,139,25,6,0,66,0,0,8,8,4,2,0,0,19,1,0,0,0,0,0,0,27,0,0,22,0,3,1,0,0,0,1,0,0,0,0,0,9,0,7,0,2,0,0,0,0
10,0600000US2500151440,Orleans,6307,6067,5840,89,16,57,1,64,240,221,21,32,33,5,120,1,0,0,6,0,0,1,0,2,0,17,10,0,0,3,1,0,2,0,1,0,0,0,0,0,0,0,0,0,0,0,2,0,0,0,0,2,0,0,0,0,0,0,0,0,0,0,0,0,0,0,0,0,0,0,0
11,0600000US2500155500,Provincetown,3664,3470,3164,200,21,33,1,51,194,183,37,35,13,0,87,4,3,0,2,0,0,0,0,1,1,9,0,0,0,4,0,0,4,0,0,0,0,0,0,0,0,1,0,0,0,0,2,1,0,1,0,0,0,0,0,0,0,0,0,0,0,0,0,0,0,0,0,0,0,0,0
12,0600000US2500159735,Sandwich,20259,19291,18532,126,42,354,3,234,968,896,82,139,117,3,505,17,3,0,18,1,3,3,3,2,0,65,23,4,0,23,2,1,3,4,0,0,0,0,4,0,0,1,0,0,0,0,7,1,0,6,0,0,0,0,0,0,0,0,0,0,0,0,0,0,0,0,0,0,0,0,0
13,0600000US2500170605,Truro,2454,2343,2222,74,5,16,0,26,111,101,22,9,8,0,54,4,0,0,1,0,0,0,1,0,2,7,1,0,0,1,0,0,0,1,4,0,0,0,0,0,0,0,0,0,0,0,3,0,0,0,0,3,0,0,0,0,0,0,0,0,0,0,0,0,0,0,0,0,0,0,0
14,0600000US2500174385,Wellfleet,3566,3395,3259,46,5,35,4,46,171,165,35,35,21,0,60,2,0,0,8,0,0,1,3,0,0,4,2,1,0,0,0,0,0,0,0,0,0,0,0,1,0,0,0,0,0,0,2,0,0,2,0,0,0,0,0,0,0,0,0,0,0,0,0,0,0,0,0,0,0,0,0
15,0600000US2500182525,Yarmouth,25023,22978,20684,1018,60,408,7,801,2045,1897,187,192,96,4,1294,22,9,2,80,0,0,3,4,2,2,136,29,5,0,66,5,0,13,5,4,0,0,0,5,0,2,2,0,0,0,0,9,2,0,2,0,1,3,1,0,0,0,0,0,0,0,0,3,0,3,0,0,0,0,0,0
16,0600000US2500300555,Adams,8166,7655,7432,110,12,41,0,60,511,477,88,162,29,1,178,1,0,1,10,0,0,1,4,2,0,32,5,0,0,9,7,0,11,0,0,0,0,0,0,0,0,0,0,0,0,0,2,0,0,0,0,0,0,0,1,0,0,0,1,0,0,0,0,0,0,0,0,0,0,0,0
17,0600000US2500300975,Alford,486,460,450,2,1,4,0,3,26,26,2,1,0,0,23,0,0,0,0,0,0,0,0,0,0,0,0,0,0,0,0,0,0,0,0,0,0,0,0,0,0,0,0,0,0,0,0,0,0,0,0,0,0,0,0,0,0,0,0,0,0,0,0,0,0,0,0,0,0,0,0
18,0600000US2500304545,Becket,1931,1824,1789,10,1,9,0,15,107,100,6,25,5,0,59,2,0,0,1,0,0,0,2,0,0,7,4,0,0,0,0,0,3,0,0,0,0,0,0,0,0,0,0,0,0,0,0,0,0,0,0,0,0,0,0,0,0,0,0,0,0,0,0,0,0,0,0,0,0,0,0
19,0600000US2500313345,Cheshire,3258,3095,3011,25,2,31,5,21,163,153,6,45,13,0,80,0,0,0,4,0,0,3,0,2,0,9,4,0,1,0,0,0,2,0,0,0,0,0,0,0,0,0,0,0,0,2,1,0,0,0,0,0,0,0,1,0,0,0,0,0,0,0,0,0,0,0,0,0,0,0,0
20,0600000US2500314010,Clarksburg,1657,1593,1576,6,0,11,0,0,64,60,9,26,2,0,22,0,1,0,0,0,0,0,0,0,0,4,3,0,0,0,0,0,0,0,0,0,0,1,0,0,0,0,0,0,0,0,0,0,0,0,0,0,0,0,0,0,0,0,0,0,0,0,0,0,0,0,0,0,0,0,0
21,0600000US2500316180,Dalton,6330,6039,5852,61,7,61,0,58,291,280,65,59,28,4,119,3,1,0,1,0,0,0,0,0,0,11,8,0,0,0,0,0,3,0,0,0,0,0,0,0,0,0,0,0,0,0,0,0,0,0,0,0,0,0,0,0,0,0,0,0,0,0,0,0,0,0,0,0,0,0,0
22,0600000US2500321360,Egremont,1372,1313,1250,7,1,11,0,44,59,56,3,8,7,0,38,0,0,0,0,0,0,0,0,0,0,2,0,0,1,0,1,0,0,0,0,0,0,0,0,0,0,0,0,0,0,0,1,0,0,0,0,0,0,0,1,0,0,0,0,0,0,0,0,0,0,0,0,0,0,0,0
23,0600000US2500324120,Florida,694,646,635,4,0,3,0,4,48,48,1,20,0,1,25,1,0,0,0,0,0,0,0,0,0,0,0,0,0,0,0,0,0,0,0,0,0,0,0,0,0,0,0,0,0,0,0,0,0,0,0,0,0,0,0,0,0,0,0,0,0,0,0,0,0,0,0,0,0,0,0
24,0600000US2500326815,Great Barrington,7172,6670,5907,182,38,211,2,330,502,479,75,55,80,0,238,3,0,0,14,0,2,7,1,2,2,20,4,3,1,0,4,0,7,1,0,0,0,0,0,0,0,0,0,0,0,0,3,0,0,2,0,1,0,0,0,0,0,0,0,0,0,0,0,0,0,0,0,0,0,0,0
25,0600000US2500328180,Hancock,757,714,696,1,3,10,0,4,43,43,8,10,9,0,16,0,0,0,0,0,0,0,0,0,0,0,0,0,0,0,0,0,0,0,0,0,0,0,0,0,0,0,0,0,0,0,0,0,0,0,0,0,0,0,0,0,0,0,0,0,0,0,0,0,0,0,0,0,0,0,0
26,0600000US2500330315,Hinsdale,1919,1838,1803,9,2,10,0,14,81,74,8,22,6,0,33,0,0,0,4,0,0,0,1,0,0,7,5,0,0,0,2,0,0,0,0,0,0,0,0,0,0,0,0,0,0,0,0,0,0,0,0,0,0,0,0,0,0,0,0,0,0,0,0,0,0,0,0,0,0,0,0
27,0600000US2500334340,Lanesborough,3038,2870,2766,30,6,39,0,29,168,162,23,33,7,0,92,1,0,0,4,0,0,1,0,0,1,6,4,2,0,0,0,0,0,0,0,0,0,0,0,0,0,0,0,0,0,0,0,0,0,0,0,0,0,0,0,0,0,0,0,0,0,0,0,0,0,0,0,0,0,0,0
28,0600000US2500334655,Lee,5788,5509,5131,54,11,138,2,173,279,266,6,62,19,9,167,2,0,0,1,0,0,0,0,0,0,8,3,0,0,0,0,0,4,0,0,0,0,0,0,0,0,0,1,0,0,0,5,0,1,4,0,0,0,0,0,0,0,0,0,0,0,0,0,0,0,0,0,0,0,0,0
29,0600000US2500334970,Lenox,5095,4880,4620,53,4,102,5,96,215,206,16,22,37,2,117,2,0,0,7,0,0,3,0,0,0,6,1,0,0,0,1,0,2,0,0,0,1,0,0,0,0,0,0,0,0,1,3,0,0,2,0,0,0,0,1,0,0,0,0,0,0,0,0,0,0,0,0,0,0,0,0
30,0600000US2500342460,Monterey,1095,1047,1005,16,4,13,0,9,48,42,3,9,0,0,27,0,0,1,0,0,0,2,0,0,0,6,0,1,2,3,0,0,0,0,0,0,0,0,0,0,0,0,0,0,0,0,0,0,0,0,0,0,0,0,0,0,0,0,0,0,0,0,0,0,0,0,0,0,0,0,0
31,0600000US2500343300,Mount Washington,160,153,145,0,0,6,0,2,7,7,1,0,2,0,3,0,1,0,0,0,0,0,0,0,0,0,0,0,0,0,0,0,0,0,0,0,0,0,0,0,0,0,0,0,0,0,0,0,0,0,0,0,0,0,0,0,0,0,0,0,0,0,0,0,0,0,0,0,0,0,0
32,0600000US2500344385,New Ashford,250,238,229,7,0,1,0,1,12,11,1,3,4,2,1,0,0,0,0,0,0,0,0,0,0,1,0,1,0,0,0,0,0,0,0,0,0,0,0,0,0,0,0,0,0,0,0,0,0,0,0,0,0,0,0,0,0,0,0,0,0,0,0,0,0,0,0,0,0,0,0
33,0600000US2500345420,New Marlborough,1528,1473,1435,9,8,6,1,14,55,53,6,10,8,0,28,0,0,0,1,0,0,0,0,0,0,2,2,0,0,0,0,0,0,0,0,0,0,0,0,0,0,0,0,0,0,0,0,0,0,0,0,0,0,0,0,0,0,0,0,0,0,0,0,0,0,0,0,0,0,0,0
34,0600000US2500346225,North Adams,12961,12019,11308,338,38,100,2,233,942,857,216,231,40,8,316,14,6,0,19,0,0,2,0,4,1,82,30,0,1,24,5,1,14,1,0,0,1,0,5,0,0,0,0,0,0,0,3,0,0,2,0,0,0,0,1,0,0,0,0,0,0,0,0,0,0,0,0,0,0,0,0
35,0600000US2500351580,Otis,1634,1563,1542,3,6,10,0,2,71,65,1,21,5,1,36,0,0,0,1,0,0,0,0,0,0,6,4,0,0,2,0,0,0,0,0,0,0,0,0,0,0,0,0,0,0,0,0,0,0,0,0,0,0,0,0,0,0,0,0,0,0,0,0,0,0,0,0,0,0,0,0
36,0600000US2500353050,Peru,814,786,783,1,0,0,0,2,28,26,6,11,0,0,6,1,0,0,1,0,0,0,0,0,1,1,0,0,0,0,0,0,1,0,0,0,0,0,0,0,0,0,0,0,0,0,1,1,0,0,0,0,0,0,0,0,0,0,0,0,0,0,0,0,0,0,0,0,0,0,0
37,0600000US2500353960,Pittsfield,43927,40434,34924,3002,103,630,7,1768,3493,3275,1080,500,188,7,1297,40,20,1,108,4,0,14,3,9,4,199,98,16,0,43,3,0,17,4,2,0,7,1,5,2,0,0,0,0,0,1,17,3,1,6,0,2,1,2,1,0,0,0,0,0,1,0,2,1,0,0,1,0,0,0,0
38,0600000US2500356795,Richmond,1407,1338,1289,11,0,23,0,15,69,65,10,11,6,1,37,0,0,0,0,0,0,0,0,0,0,4,0,0,0,0,0,0,4,0,0,0,0,0,0,0,0,0,0,0,0,0,0,0,0,0,0,0,0,0,0,0,0,0,0,0,0,0,0,0,0,0,0,0,0,0,0
39,0600000US2500359665,Sandisfield,989,944,924,6,2,2,0,10,45,40,7,8,6,0,17,0,0,0,0,0,0,0,0,2,0,5,0,3,0,1,0,0,1,0,0,0,0,0,0,0,0,0,0,0,0,0,0,0,0,0,0,0,0,0,0,0,0,0,0,0,0,0,0,0,0,0,0,0,0,0,0
40,0600000US2500360225,Savoy,645,610,592,14,0,1,0,3,35,32,1,18,1,0,12,0,0,0,0,0,0,0,0,0,0,3,3,0,0,0,0,0,0,0,0,0,0,0,0,0,0,0,0,0,0,0,0,0,0,0,0,0,0,0,0,0,0,0,0,0,0,0,0,0,0,0,0,0,0,0,0
41,0600000US2500361065,Sheffield,3327,3117,2987,26,17,13,0,74,210,202,29,55,17,1,99,1,0,0,0,0,0,0,0,0,0,7,1,1,0,0,0,0,5,0,0,0,0,0,0,0,0,0,0,0,0,0,1,0,0,0,0,0,0,0,1,0,0,0,0,0,0,0,0,0,0,0,0,0,0,0,0
42,0600000US2500367595,Stockbridge,2018,1937,1864,26,4,14,0,29,81,77,3,8,12,0,54,0,0,0,0,0,0,0,0,0,0,4,2,0,0,1,0,0,1,0,0,0,0,0,0,0,0,0,0,0,0,0,0,0,0,0,0,0,0,0,0,0,0,0,0,0,0,0,0,0,0,0,0,0,0,0,0
43,0600000US2500371095,Tyringham,427,410,398,7,1,4,0,0,17,17,1,0,0,0,16,0,0,0,0,0,0,0,0,0,0,0,0,0,0,0,0,0,0,0,0,0,0,0,0,0,0,0,0,0,0,0,0,0,0,0,0,0,0,0,0,0,0,0,0,0,0,0,0,0,0,0,0,0,0,0,0
44,0600000US2500373335,Washington,494,468,463,0,1,0,0,4,26,26,5,2,3,0,14,0,0,0,1,0,0,0,0,0,1,0,0,0,0,0,0,0,0,0,0,0,0,0,0,0,0,0,0,0,0,0,0,0,0,0,0,0,0,0,0,0,0,0,0,0,0,0,0,0,0,0,0,0,0,0,0
45,0600000US2500377990,West Stockbridge,1343,1283,1239,9,3,13,0,19,60,56,15,9,13,0,16,0,0,0,0,0,0,1,1,0,1,2,1,0,0,0,0,0,0,0,0,0,0,0,0,0,0,0,0,1,0,0,2,0,0,0,0,0,0,0,2,0,0,0,0,0,0,0,0,0,0,0,0,0,0,0,0
46,0600000US2500379985,Williamstown,7513,6993,6047,262,12,500,0,172,520,468,76,45,130,1,190,7,2,0,8,0,0,6,0,3,0,40,22,4,1,2,0,0,9,1,0,0,1,0,0,0,0,0,0,0,0,0,12,1,1,7,0,0,0,0,1,0,0,0,2,0,0,0,0,0,0,0,0,0,0,0,0
47,0600000US2500380685,Windsor,831,780,770,5,0,2,0,3,51,44,8,15,4,0,16,0,0,0,1,0,0,0,0,0,0,4,0,0,1,1,0,0,1,1,0,0,0,0,0,0,0,0,0,0,0,0,3,0,0,1,0,0,0,0,1,0,0,0,1,0,0,0,0,0,0,0,0,0,0,0,0
48,0600000US2500500000,"County subdivisions not defined, Bristol County, Massachusetts",0,0,0,0,0,0,0,0,0,0,0,0,0,0,0,0,0,0,0,0,0,0,0,0,0,0,0,0,0,0,0,0,0,0,0,0,0,0,0,0,0,0,0,0,0,0,0,0,0,0,0,0,0,0,0,0,0,0,0,0,0,0,0,0,0,0,0,0,0,0,0
49,0600000US2500500520,Acushnet,10559,10058,9768,58,24,63,2,143,501,439,36,63,29,2,255,1,3,0,40,0,0,3,0,2,5,58,0,1,0,43,2,0,2,1,3,4,0,0,2,0,0,0,0,0,0,0,4,0,0,4,0,0,0,0,0,0,0,0,0,0,0,0,0,0,0,0,0,0,0,0,0
50,0600000US2500502690,Attleboro,46461,43016,35842,2704,160,2196,14,2100,3445,3159,407,403,296,16,1607,14,30,7,322,1,0,36,5,9,6,234,31,15,1,109,9,4,29,4,8,0,2,0,6,1,7,7,0,0,1,0,50,5,0,40,0,2,0,0,1,0,0,1,0,0,1,0,2,2,0,0,0,0,0,0,0
51,0600000US2500505280,Berkley,6764,6403,6202,65,5,57,1,73,361,327,31,67,31,4,166,5,0,0,21,0,0,2,0,0,0,34,7,4,0,13,0,1,5,1,1,0,0,0,2,0,0,0,0,0,0,0,0,0,0,0,0,0,0,0,0,0,0,0,0,0,0,0,0,0,0,0,0,0,0,0,0
52,0600000US2500516425,Dartmouth,33783,31762,28909,1059,47,853,1,893,2021,1828,120,125,144,12,963,10,6,1,423,1,0,8,4,8,3,179,34,14,0,96,5,0,9,1,6,0,1,0,10,0,0,0,0,1,0,2,14,2,0,9,0,2,0,0,0,0,0,0,0,0,1,0,0,0,0,0,0,0,0,0,0
53,0600000US2500516950,Dighton,8101,7631,7305,124,11,60,0,131,470,435,37,103,65,0,196,2,1,0,29,0,0,0,0,1,1,31,1,0,0,27,0,0,0,0,1,0,0,0,1,0,0,1,0,0,0,0,4,0,0,4,0,0,0,0,0,0,0,0,0,0,0,0,0,0,0,0,0,0,0,0,0
54,0600000US2500520100,Easton,25058,23697,21033,1321,41,819,5,478,1361,1266,159,131,170,7,606,14,5,2,151,0,0,2,5,10,4,90,24,6,0,36,2,0,4,1,6,0,0,0,7,0,3,0,0,0,0,1,4,1,0,2,0,0,0,0,0,0,1,0,0,0,0,0,1,1,0,0,0,0,0,0,0
55,0600000US2500522130,Fairhaven,15924,15084,14474,120,40,205,3,242,840,727,65,101,20,0,405,8,7,2,106,1,0,7,0,0,5,101,3,2,0,77,0,0,13,0,2,1,1,0,0,0,0,2,0,0,0,0,11,1,0,10,0,0,0,0,0,0,0,0,0,0,0,0,1,0,1,0,0,0,0,0,0
56,0600000US2500523000,Fall River,94000,83535,68960,5281,350,2502,28,6414,10465,9623,1267,622,363,47,5336,112,21,13,1683,0,0,63,9,27,60,756,135,14,8,462,3,4,45,6,22,2,4,0,32,1,15,2,0,0,0,1,84,12,2,54,1,6,2,0,2,1,0,0,0,0,4,0,2,2,0,0,0,0,0,0,0
57,0600000US2500525240,Freetown,9206,8721,8488,83,6,62,2,80,485,439,45,90,19,1,231,0,3,0,45,0,0,5,0,0,0,39,6,4,1,23,0,0,1,0,1,0,0,0,1,1,0,0,0,0,1,0,7,0,0,6,0,0,0,0,0,1,0,0,0,0,0,0,0,0,0,0,0,0,0,0,0
58,0600000US2500538225,Mansfield,23860,22581,19948,991,20,1316,5,301,1279,1205,120,117,197,1,650,15,15,2,85,0,0,0,2,1,0,71,17,2,0,25,8,0,7,2,5,0,1,0,3,0,1,0,0,0,0,0,3,0,0,2,1,0,0,0,0,0,0,0,0,0,0,0,0,0,0,0,0,0,0,0,0
59,0600000US2500545000,New Bedford,101079,84784,61420,5867,1369,1043,54,15031,16295,14619,983,619,280,21,6676,173,30,14,5542,6,0,187,11,31,46,1546,150,29,4,1044,12,4,115,9,13,2,4,1,118,2,23,12,2,0,0,2,123,4,0,88,5,15,0,0,4,0,1,1,1,0,4,0,4,3,0,0,0,1,0,3,3
60,0600000US2500546598,North Attleborough,30834,29158,25824,944,40,1822,4,524,1676,1547,200,239,225,12,746,12,3,0,83,1,0,7,4,10,5,97,13,3,0,47,4,1,12,5,4,0,2,0,3,0,0,1,1,0,0,1,30,7,0,21,1,0,0,0,0,0,0,0,1,0,0,0,2,2,0,0,0,0,0,0,0
61,0600000US2500549970,Norton,19202,18269,17018,486,19,469,3,274,933,869,132,128,138,5,384,6,7,2,52,2,0,9,2,0,2,60,11,4,3,24,0,0,10,2,0,2,0,0,3,0,1,0,0,0,0,0,3,2,0,1,0,0,0,0,0,0,0,0,0,0,0,0,1,1,0,0,0,0,0,0,0
62,0600000US2500556060,Raynham,15142,14170,12826,721,10,417,6,190,972,899,109,107,88,3,432,20,7,0,118,1,0,2,0,11,1,70,16,0,0,40,0,0,8,0,0,0,0,0,4,0,0,2,0,0,0,0,3,0,0,3,0,0,0,0,0,0,0,0,0,0,0,0,0,0,0,0,0,0,0,0,0
63,0600000US2500556375,Rehoboth,12502,11934,11494,98,21,199,1,121,568,534,39,100,70,4,275,9,2,0,30,0,0,2,0,1,2,29,3,1,0,19,0,1,2,0,1,0,1,0,1,0,0,0,0,0,0,0,5,0,0,5,0,0,0,0,0,0,0,0,0,0,0,0,0,0,0,0,0,0,0,0,0
64,0600000US2500560645,Seekonk,15531,14640,13661,218,32,447,3,279,891,801,95,127,85,1,384,9,4,1,90,0,0,2,0,0,3,82,18,2,0,51,0,0,1,3,4,1,0,0,1,0,1,0,0,0,0,0,8,0,0,4,0,3,0,0,1,0,0,0,0,0,0,0,0,0,0,0,0,0,0,0,0
65,0600000US2500562430,Somerset,18303,17558,16956,158,47,220,1,176,745,682,98,137,81,4,336,6,1,0,12,0,0,2,0,2,3,58,14,0,0,19,1,3,7,1,8,0,0,0,5,0,0,0,0,0,0,0,4,0,0,1,0,3,0,0,0,0,0,0,0,0,0,0,1,1,0,0,0,0,0,0,0
66,0600000US2500568750,Swansea,17144,16327,15883,104,15,171,2,152,817,751,92,139,92,14,352,10,3,0,41,0,0,3,2,3,0,59,5,4,0,26,7,0,4,6,3,0,0,0,2,0,0,2,0,0,0,0,7,2,0,2,0,3,0,0,0,0,0,0,0,0,0,0,0,0,0,0,0,0,0,0,0
67,0600000US2500569170,Taunton,59408,53428,44376,5179,160,739,30,2944,5980,5411,718,428,210,17,2049,86,16,8,1826,4,0,5,9,21,14,514,76,13,3,339,3,5,30,6,8,1,0,0,20,0,5,5,0,0,0,0,54,1,0,39,3,5,0,0,0,1,1,0,1,0,2,1,1,1,0,0,0,0,0,0,0
68,0600000US2500577570,Westport,16339,15762,15376,87,26,119,6,148,577,524,37,98,45,1,298,2,0,0,38,0,0,0,5,0,0,45,7,0,0,29,0,0,0,0,0,1,0,0,2,0,4,0,0,0,0,2,8,0,0,7,0,1,0,0,0,0,0,0,0,0,0,0,0,0,0,0,0,0,0,0,0
69,0600000US2500701585,Aquinnah,439,396,280,8,102,4,0,2,43,31,1,6,3,0,10,1,1,0,1,5,3,0,0,0,0,7,0,5,0,0,0,0,0,0,0,0,0,0,1,0,0,0,0,0,1,0,5,2,0,2,1,0,0,0,0,0,0,0,0,0,0,0,0,0,0,0,0,0,0,0,0
70,0600000US2500713800,Chilmark,1212,1154,1111,13,3,8,0,19,58,54,5,7,5,1,27,5,1,0,1,1,0,0,1,0,0,1,0,0,0,1,0,0,0,0,0,0,0,0,0,0,0,0,0,0,0,0,3,1,1,0,0,0,0,0,0,0,1,0,0,0,0,0,0,0,0,0,0,0,0,0,0
71,0600000US2500721150,Edgartown,5168,4656,4272,124,13,45,1,201,512,478,36,22,18,10,365,1,3,3,19,1,0,0,0,0,0,23,3,0,0,7,0,0,6,1,0,0,0,0,1,0,4,1,0,0,0,0,10,2,0,4,1,1,0,0,0,1,0,0,0,0,1,0,0,0,0,0,0,0,0,1,1
72,0600000US2500726325,Gosnold,70,65,61,3,0,0,0,1,5,1,0,1,0,0,0,0,0,0,0,0,0,0,0,0,0,2,0,0,1,1,0,0,0,0,0,0,0,0,0,0,0,0,0,0,0,0,2,1,0,0,0,0,0,0,0,1,0,0,0,0,0,0,0,0,0,0,0,0,0,0,0
73,0600000US2500750390,Oak Bluffs,5341,4702,3942,391,58,57,7,247,639,594,53,21,22,6,422,22,6,1,25,4,1,4,4,3,0,34,16,0,0,9,0,0,0,0,0,0,2,0,1,3,3,0,0,0,0,0,11,2,2,0,2,3,0,0,0,0,2,0,0,0,0,0,0,0,0,0,0,0,0,0,0
74,0600000US2500769940,Tisbury,4815,4107,3603,203,24,49,0,228,708,661,56,52,29,1,461,13,4,2,40,1,0,1,1,0,0,32,12,3,2,10,0,0,0,0,3,0,0,0,0,1,1,0,0,0,0,0,8,3,0,3,0,2,0,0,0,0,0,0,0,0,0,0,4,4,0,0,0,0,0,3,3
75,0600000US2500778235,West Tisbury,3555,3293,3052,71,14,22,2,132,262,238,23,17,23,3,150,9,1,0,9,0,0,1,0,2,0,21,2,0,0,9,0,0,0,0,0,0,0,0,8,0,2,0,0,0,0,0,3,0,0,0,0,1,0,0,0,0,2,0,0,0,0,0,0,0,0,0,0,0,0,0,0
76,0600000US2500900000,"County subdivisions not defined, Essex County, Massachusetts",0,0,0,0,0,0,0,0,0,0,0,0,0,0,0,0,0,0,0,0,0,0,0,0,0,0,0,0,0,0,0,0,0,0,0,0,0,0,0,0,0,0,0,0,0,0,0,0,0,0,0,0,0,0,0,0,0,0,0,0,0,0,0,0,0,0,0,0,0,0,0
77,0600000US2500901260,Amesbury,17366,16408,15715,233,49,175,7,229,958,902,110,159,94,0,500,7,0,0,14,2,0,2,2,7,5,45,8,4,0,24,3,1,2,3,0,0,0,0,0,0,0,0,0,0,0,0,10,4,0,6,0,0,0,0,0,0,0,0,0,0,0,0,1,0,1,0,0,0,0,0,0
78,0600000US2500901465,Andover,36569,34361,27167,769,32,5529,6,858,2208,2110,194,131,533,12,1094,8,18,1,81,4,0,5,6,19,4,85,13,10,0,33,0,0,12,6,8,0,0,0,0,0,2,0,0,0,1,0,13,2,0,11,0,0,0,0,0,0,0,0,0,0,0,0,0,0,0,0,0,0,0,0,0
79,0600000US2500905595,Beverly,42670,39910,36705,990,60,951,12,1192,2760,2587,314,329,295,11,1460,17,16,2,105,1,0,17,3,11,6,159,35,9,3,47,4,0,43,11,1,0,0,0,0,0,1,1,0,1,2,1,13,1,0,7,2,1,0,0,1,0,1,0,0,0,0,0,1,1,0,0,0,0,0,0,0
80,0600000US2500907420,Boxford,8203,7679,7262,49,7,228,1,132,524,501,26,55,151,0,252,3,1,0,7,0,0,5,0,0,1,23,6,1,0,9,0,0,1,3,1,0,0,0,0,0,2,0,0,0,0,0,0,0,0,0,0,0,0,0,0,0,0,0,0,0,0,0,0,0,0,0,0,0,0,0,0
81,0600000US2500916250,Danvers,28087,26668,24809,561,38,655,6,599,1419,1333,175,184,147,14,747,8,6,0,32,0,0,3,4,12,1,78,14,7,1,27,3,1,11,6,3,0,0,0,2,0,1,0,0,0,0,2,7,2,0,5,0,0,0,0,0,0,0,0,0,0,0,0,1,0,1,0,0,0,0,0,0
82,0600000US2500921850,Essex,3675,3526,3431,18,1,38,0,38,149,137,18,23,11,1,83,0,0,1,0,0,0,0,0,0,0,12,0,4,0,1,0,0,0,6,1,0,0,0,0,0,0,0,0,0,0,0,0,0,0,0,0,0,0,0,0,0,0,0,0,0,0,0,0,0,0,0,0,0,0,0,0
83,0600000US2500925625,Georgetown,8470,8035,7823,36,14,102,0,60,435,413,45,63,83,1,202,0,0,0,13,0,0,0,2,3,1,18,0,0,0,7,2,0,4,1,1,0,0,0,3,0,0,0,0,0,0,0,4,0,0,0,0,4,0,0,0,0,0,0,0,0,0,0,0,0,0,0,0,0,0,0,0
84,0600000US2500926150,Gloucester,29729,28086,26489,331,75,334,20,837,1643,1562,192,230,143,4,896,8,0,2,61,1,0,17,1,1,6,65,8,1,0,29,2,1,14,5,3,0,0,0,0,1,1,0,0,0,0,0,16,4,1,5,0,2,0,0,0,1,3,0,0,0,0,0,0,0,0,0,0,0,0,0,0
85,0600000US2500927620,Groveland,6752,6472,6290,37,7,67,6,65,280,277,26,38,36,0,162,8,0,0,6,0,0,0,0,0,1,3,0,0,0,2,0,0,0,1,0,0,0,0,0,0,0,0,0,0,0,0,0,0,0,0,0,0,0,0,0,0,0,0,0,0,0,0,0,0,0,0,0,0,0,0,0
86,0600000US2500927900,Hamilton,7561,7197,6767,59,9,314,1,47,364,343,34,46,87,2,167,0,2,0,1,0,0,2,0,1,1,21,2,1,0,3,1,0,7,0,0,0,0,0,3,4,0,0,0,0,0,0,0,0,0,0,0,0,0,0,0,0,0,0,0,0,0,0,0,0,0,0,0,0,0,0,0
87,0600000US2500929405,Haverhill,67787,61118,47629,3094,303,1331,29,8732,6669,6332,746,621,379,12,3690,27,32,6,656,6,0,73,5,38,41,288,52,8,3,153,5,2,31,12,8,2,0,1,8,0,1,2,0,0,0,0,43,1,2,35,0,2,0,0,0,0,2,0,0,0,1,0,5,0,5,0,0,0,0,1,1
88,0600000US2500932310,Ipswich,13785,13161,12648,94,21,217,5,176,624,586,57,101,75,1,329,3,1,0,12,0,0,2,1,3,1,31,4,6,0,10,0,0,6,3,2,0,0,0,0,0,0,0,0,0,0,0,6,1,0,3,1,1,0,0,0,0,0,0,0,0,0,0,1,0,1,0,0,0,0,0,0
89,0600000US2500934550,Lawrence,89143,71207,17837,4861,1290,1684,60,45475,17936,16865,538,202,108,12,10312,44,22,4,4854,7,0,401,10,125,226,889,108,14,3,616,7,0,71,7,15,5,1,0,22,2,7,4,1,1,0,5,168,5,0,158,0,3,0,0,0,0,0,0,0,0,0,2,14,1,12,1,0,0,0,0,0
90,0600000US2500937490,Lynn,101253,87505,38669,12256,1426,6948,46,28160,13748,12967,1355,492,424,38,7584,114,68,5,2331,9,0,370,18,107,52,657,109,26,1,317,13,0,118,3,33,2,0,0,27,0,0,4,1,0,2,1,117,13,0,86,0,4,1,0,1,1,10,0,0,0,1,0,7,2,5,0,0,0,0,0,0
91,0600000US2500937560,Lynnfield,13000,12361,11324,118,1,759,2,157,639,611,46,54,130,1,362,0,0,0,8,0,0,4,1,3,2,27,3,1,0,12,1,1,6,1,2,0,0,0,0,0,0,0,0,0,0,0,1,0,0,1,0,0,0,0,0,0,0,0,0,0,0,0,0,0,0,0,0,0,0,0,0
92,0600000US2500937995,Manchester-by-the-Sea,5395,5180,5065,7,4,57,0,47,215,203,21,19,51,2,108,0,0,0,1,0,0,1,0,0,0,10,3,0,0,3,0,1,2,0,1,0,0,0,0,0,0,0,0,0,0,0,2,0,0,0,0,1,0,0,0,0,0,0,0,0,1,0,0,0,0,0,0,0,0,0,0
93,0600000US2500938400,Marblehead,20441,19439,18702,180,31,273,1,252,1002,948,101,69,161,5,569,3,2,1,31,1,0,0,2,0,3,45,11,10,0,11,4,1,4,0,3,0,0,0,1,0,0,0,0,0,0,0,9,0,0,5,1,0,0,0,0,0,0,1,0,0,2,0,0,0,0,0,0,0,0,0,0
94,0600000US2500940430,Merrimac,6723,6364,6178,47,9,50,0,80,359,334,37,54,57,0,170,0,0,0,14,0,0,0,1,1,0,21,8,4,0,6,0,0,0,0,2,0,1,0,0,0,0,0,0,0,0,0,4,4,0,0,0,0,0,0,0,0,0,0,0,0,0,0,0,0,0,0,0,0,0,0,0
95,0600000US2500940710,Methuen,53059,47679,33379,2712,219,2134,8,9227,5380,4994,442,277,226,8,3046,17,10,1,843,6,0,36,1,37,44,345,39,2,0,214,6,0,56,4,9,0,1,2,9,1,1,1,0,0,0,0,35,4,0,23,1,4,0,0,1,0,1,0,0,0,0,1,6,5,1,0,0,0,0,0,0
96,0600000US2500941095,Middleton,9779,9385,8269,183,18,332,0,583,394,376,33,38,60,6,217,2,0,0,14,2,1,2,0,0,1,16,4,1,0,7,0,0,0,2,0,0,0,0,1,0,1,0,0,0,0,0,2,0,0,1,0,0,0,0,0,0,0,0,0,0,1,0,0,0,0,0,0,0,0,0,0
97,0600000US2500943580,Nahant,3334,3190,3061,38,1,52,0,38,144,137,21,18,24,2,64,1,2,0,4,0,0,0,0,1,0,7,0,0,0,1,1,1,1,3,0,0,0,0,0,0,0,0,0,0,0,0,0,0,0,0,0,0,0,0,0,0,0,0,0,0,0,0,0,0,0,0,0,0,0,0,0
98,0600000US2500945175,Newbury,6716,6431,6272,29,4,73,1,52,285,276,19,61,39,0,149,3,0,0,2,0,0,3,0,0,0,7,2,4,0,1,0,0,0,0,0,0,0,0,0,0,0,0,0,0,0,0,2,0,0,2,0,0,0,0,0,0,0,0,0,0,0,0,0,0,0,0,0,0,0,0,0
99,0600000US2500945245,Newburyport,18289,17376,16765,140,12,252,5,202,913,884,75,130,162,1,483,10,2,0,14,0,0,3,0,3,1,23,3,3,0,8,1,0,5,0,1,0,0,0,0,1,0,0,0,0,0,1,6,0,0,5,0,1,0,0,0,0,0,0,0,0,0,0,0,0,0,0,0,0,0,0,0
100,0600000US2500946365,North Andover,30915,29022,24823,793,48,2212,11,1135,1893,1812,201,125,305,6,1053,8,1,1,82,3,0,5,1,18,3,72,4,9,0,29,2,1,17,3,6,0,0,1,0,0,0,0,0,0,0,0,9,2,0,5,0,0,0,0,0,0,2,0,0,0,0,0,0,0,0,0,0,0,0,0,0
101,0600000US2500952490,Peabody,54481,49952,43124,1964,106,1336,13,3409,4529,4320,378,222,239,9,3006,30,10,0,366,1,0,32,3,14,10,167,24,3,0,103,2,0,10,7,6,0,0,0,6,0,0,0,1,0,2,3,42,4,0,32,2,0,0,0,1,1,2,0,0,0,0,0,0,0,0,0,0,0,0,0,0
102,0600000US2500957880,Rockport,6992,6728,6536,51,1,75,0,65,264,230,27,32,22,1,128,3,1,0,6,0,0,0,3,5,2,31,9,6,0,8,0,0,7,0,0,0,0,0,0,0,0,0,0,1,0,0,3,0,0,2,0,0,0,0,0,0,1,0,0,0,0,0,0,0,0,0,0,0,0,0,0
103,0600000US2500958405,Rowley,6161,5929,5746,27,4,88,0,64,232,220,36,40,27,1,100,0,2,0,9,0,0,3,0,2,0,12,4,1,0,2,2,0,0,0,0,0,0,0,3,0,0,0,0,0,0,0,0,0,0,0,0,0,0,0,0,0,0,0,0,0,0,0,0,0,0,0,0,0,0,0,0
104,0600000US2500959105,Salem,44480,39793,31787,2251,137,1290,27,4301,4687,4365,464,306,333,23,2392,13,12,7,744,3,0,18,2,29,19,283,44,14,3,133,13,1,31,3,17,1,0,0,16,0,4,0,0,0,0,3,33,3,0,21,0,3,1,0,2,0,3,0,0,0,0,0,6,3,3,0,0,0,0,0,0
105,0600000US2500959245,Salisbury,9236,8764,8429,61,22,140,2,110,472,446,41,111,29,2,243,4,1,0,7,1,0,0,2,1,4,24,3,3,0,8,0,0,3,0,6,0,0,0,1,0,0,0,0,0,0,0,1,0,0,1,0,0,0,0,0,0,0,0,0,0,0,0,1,0,1,0,0,0,0,0,0
106,0600000US2500960015,Saugus,28619,26203,21888,1117,74,1429,6,1689,2416,2319,150,125,135,3,1746,16,12,4,85,2,0,30,2,3,6,77,22,2,0,26,4,1,7,4,6,0,0,0,3,0,0,0,0,2,0,0,19,2,1,14,1,0,0,0,0,0,0,0,0,0,1,0,1,0,1,0,0,0,0,0,0
107,0600000US2500968645,Swampscott,15111,14229,13189,266,23,330,5,416,882,829,88,45,111,6,523,3,4,0,39,0,0,8,1,0,1,42,12,1,1,10,3,0,6,1,4,1,0,0,1,0,0,0,0,2,0,0,8,2,0,1,0,4,0,0,0,0,0,0,0,0,1,0,2,0,2,0,0,0,0,1,1
108,0600000US2500970150,Topsfield,6569,6172,5946,44,11,118,1,52,397,373,32,43,44,5,236,2,0,0,6,0,0,2,0,0,3,23,0,3,0,4,3,0,7,5,0,0,0,0,0,1,0,0,0,0,0,0,1,0,0,0,0,1,0,0,0,0,0,0,0,0,0,0,0,0,0,0,0,0,0,0,0
109,0600000US2500974595,Wenham,4979,4815,4472,99,8,198,4,34,164,141,11,15,41,0,67,0,0,0,1,0,0,0,0,2,4,17,1,1,0,3,0,0,8,0,3,0,0,0,1,0,0,0,0,0,0,0,6,0,0,4,0,2,0,0,0,0,0,0,0,0,0,0,0,0,0,0,0,0,0,0,0
110,0600000US2500977150,West Newbury,4500,4252,4129,9,11,48,0,55,248,232,19,34,43,2,127,0,0,1,2,0,0,1,0,0,3,9,4,0,1,1,0,0,2,1,0,0,0,0,0,0,0,0,0,0,0,0,7,0,0,7,0,0,0,0,0,0,0,0,0,0,0,0,0,0,0,0,0,0,0,0,0
111,0600000US2501102095,Ashfield,1695,1614,1576,8,3,5,0,22,81,73,1,21,9,0,41,1,0,0,0,0,0,0,0,0,0,5,3,0,0,2,0,0,0,0,0,0,0,0,0,0,0,0,0,0,0,0,3,0,2,0,0,1,0,0,0,0,0,0,0,0,0,0,0,0,0,0,0,0,0,0,0
112,0600000US2501105560,Bernardston,2102,2008,1979,8,1,11,0,9,94,92,11,20,13,0,48,0,0,0,0,0,0,0,0,0,0,2,0,0,1,1,0,0,0,0,0,0,0,0,0,0,0,0,0,0,0,0,0,0,0,0,0,0,0,0,0,0,0,0,0,0,0,0,0,0,0,0,0,0,0,0,0
113,0600000US2501109595,Buckland,1816,1718,1684,11,2,8,0,13,98,96,26,21,8,0,37,0,0,0,3,0,1,0,0,0,0,2,1,0,0,0,0,0,0,0,1,0,0,0,0,0,0,0,0,0,0,0,0,0,0,0,0,0,0,0,0,0,0,0,0,0,0,0,0,0,0,0,0,0,0,0,0
114,0600000US2501112505,Charlemont,1185,1101,1076,2,3,9,0,11,84,84,5,21,9,0,46,2,0,0,0,0,0,0,0,0,1,0,0,0,0,0,0,0,0,0,0,0,0,0,0,0,0,0,0,0,0,0,0,0,0,0,0,0,0,0,0,0,0,0,0,0,0,0,0,0,0,0,0,0,0,0,0
115,0600000US2501114885,Colrain,1606,1520,1492,8,1,9,0,10,86,82,9,27,10,0,35,0,0,0,0,0,1,0,0,0,0,1,0,0,0,0,0,0,1,0,0,0,0,0,0,0,0,0,0,0,0,0,3,0,0,2,1,0,0,0,0,0,0,0,0,0,0,0,0,0,0,0,0,0,0,0,0
116,0600000US2501115200,Conway,1761,1706,1676,2,2,17,0,9,55,52,3,16,3,0,27,2,1,0,0,0,0,0,0,0,0,3,3,0,0,0,0,0,0,0,0,0,0,0,0,0,0,0,0,0,0,0,0,0,0,0,0,0,0,0,0,0,0,0,0,0,0,0,0,0,0,0,0,0,0,0,0
117,0600000US2501116670,Deerfield,5090,4774,4421,94,12,81,3,163,316,287,42,41,55,6,124,4,4,0,7,0,0,4,0,0,0,27,0,9,1,1,4,0,2,0,0,1,6,0,1,2,0,0,0,0,0,0,2,1,0,1,0,0,0,0,0,0,0,0,0,0,0,0,0,0,0,0,0,0,0,0,0
118,0600000US2501121780,Erving,1665,1543,1512,8,10,4,0,9,122,116,21,35,12,1,43,2,0,0,0,1,0,0,1,0,0,4,1,0,0,0,1,0,0,2,0,0,0,0,0,0,0,0,0,0,0,0,2,0,1,1,0,0,0,0,0,0,0,0,0,0,0,0,0,0,0,0,0,0,0,0,0
119,0600000US2501125730,Gill,1551,1440,1371,16,5,23,2,23,111,105,9,33,6,0,47,2,0,0,4,0,1,0,0,0,3,5,0,0,0,3,0,0,1,0,1,0,0,0,0,0,0,0,0,0,0,0,0,0,0,0,0,0,0,0,0,0,0,0,0,0,0,0,1,1,0,0,0,0,0,0,0
120,0600000US2501127060,Greenfield,17768,16368,15054,440,46,290,4,534,1400,1259,184,254,109,0,640,17,3,0,41,1,1,1,2,3,3,118,33,12,2,18,9,0,22,5,7,1,3,0,3,3,0,0,0,0,0,0,19,1,3,11,0,2,0,0,1,1,0,0,0,0,0,0,4,2,1,0,1,0,0,0,0
121,0600000US2501129475,Hawley,353,320,312,1,2,3,0,2,33,32,3,12,3,0,11,0,0,0,1,1,0,0,0,0,1,0,0,0,0,0,0,0,0,0,0,0,0,0,0,0,0,0,0,0,0,0,1,0,0,0,0,0,0,0,0,1,0,0,0,0,0,0,0,0,0,0,0,0,0,0,0
122,0600000US2501129650,Heath,723,668,657,2,2,5,0,2,55,53,10,18,2,0,22,0,0,0,1,0,0,0,0,0,0,1,0,0,0,1,0,0,0,0,0,0,0,0,0,0,0,0,0,0,0,0,1,0,0,0,0,1,0,0,0,0,0,0,0,0,0,0,0,0,0,0,0,0,0,0,0
123,0600000US2501135180,Leverett,1865,1721,1626,28,3,36,1,27,144,136,13,26,26,0,64,0,0,0,5,0,1,0,0,1,0,7,0,0,0,1,0,0,1,2,3,0,0,0,0,0,0,0,0,0,0,0,1,0,0,1,0,0,0,0,0,0,0,0,0,0,0,0,0,0,0,0,0,0,0,0,0
124,0600000US2501135285,Leyden,734,713,703,1,0,2,0,7,21,19,0,1,1,0,17,0,0,0,0,0,0,0,0,0,0,1,0,0,0,0,0,0,0,0,1,0,0,0,0,0,0,0,0,0,0,0,1,0,0,0,0,1,0,0,0,0,0,0,0,0,0,0,0,0,0,0,0,0,0,0,0
125,0600000US2501142040,Monroe,118,111,106,2,0,2,0,1,7,7,2,2,0,0,3,0,0,0,0,0,0,0,0,0,0,0,0,0,0,0,0,0,0,0,0,0,0,0,0,0,0,0,0,0,0,0,0,0,0,0,0,0,0,0,0,0,0,0,0,0,0,0,0,0,0,0,0,0,0,0,0
126,0600000US2501142285,Montague,8580,7984,7518,133,42,89,0,202,596,565,78,157,68,0,244,1,1,0,7,1,0,5,2,1,0,31,9,2,0,10,1,0,2,1,5,0,0,0,0,1,0,0,0,0,0,0,0,0,0,0,0,0,0,0,0,0,0,0,0,0,0,0,0,0,0,0,0,0,0,0,0
127,0600000US2501145490,New Salem,983,925,899,5,2,11,0,8,58,54,1,18,5,0,26,0,0,0,1,0,0,0,2,1,0,4,3,0,0,0,0,0,0,1,0,0,0,0,0,0,0,0,0,0,0,0,0,0,0,0,0,0,0,0,0,0,0,0,0,0,0,0,0,0,0,0,0,0,0,0,0
128,0600000US2501147835,Northfield,2866,2698,2638,6,6,15,0,33,168,159,13,42,41,0,60,2,0,0,1,0,0,0,0,0,0,7,0,0,0,1,3,0,3,0,0,0,0,0,0,0,0,0,0,0,0,0,1,0,0,0,0,0,0,0,0,0,0,1,0,0,0,0,1,0,0,0,1,0,0,0,0
129,0600000US2501151265,Orange,7569,7048,6738,110,16,74,0,110,521,478,78,180,25,1,189,0,1,0,2,1,0,1,0,0,0,34,16,0,0,6,3,0,4,0,3,2,0,0,0,0,0,0,0,0,0,0,7,0,2,3,0,1,1,0,0,0,0,0,0,0,0,0,2,2,0,0,0,0,0,0,0
130,0600000US2501158335,Rowe,424,394,380,4,1,6,0,3,30,28,2,7,8,0,11,0,0,0,0,0,0,0,0,0,0,2,0,1,0,1,0,0,0,0,0,0,0,0,0,0,0,0,0,0,0,0,0,0,0,0,0,0,0,0,0,0,0,0,0,0,0,0,0,0,0,0,0,0,0,0,0
131,0600000US2501161135,Shelburne,1884,1769,1715,15,8,12,0,19,115,105,9,33,4,1,55,0,1,0,2,0,0,0,0,0,0,4,4,0,0,0,0,0,0,0,0,0,0,0,0,0,0,0,0,0,0,0,5,3,0,0,0,0,0,0,2,0,0,0,0,0,0,0,0,0,0,0,0,0,0,1,1
132,0600000US2501161905,Shutesbury,1717,1569,1505,18,2,17,1,26,148,136,29,26,18,0,62,0,0,0,0,0,0,1,0,0,0,11,4,1,0,1,0,0,2,2,1,0,0,0,0,0,0,0,0,0,0,0,1,0,0,1,0,0,0,0,0,0,0,0,0,0,0,0,0,0,0,0,0,0,0,0,0
133,0600000US2501168400,Sunderland,3663,3408,2743,124,17,445,0,79,255,242,28,33,45,0,114,5,0,0,14,0,0,2,0,1,0,11,5,1,1,3,0,0,1,0,0,0,0,0,0,0,0,0,0,0,0,0,2,0,0,2,0,0,0,0,0,0,0,0,0,0,0,0,0,0,0,0,0,0,0,0,0
134,0600000US2501173265,Warwick,780,732,709,1,5,8,0,9,48,43,6,16,1,0,20,0,0,0,0,0,0,0,0,0,0,4,2,0,0,2,0,0,0,0,0,0,0,0,0,0,0,0,0,0,0,0,1,0,0,0,0,0,1,0,0,0,0,0,0,0,0,0,0,0,0,0,0,0,0,0,0
135,0600000US2501174525,Wendell,924,846,813,13,0,8,0,12,78,70,2,20,5,0,40,2,0,0,1,0,0,0,0,0,0,8,5,0,0,1,0,0,1,1,0,0,0,0,0,0,0,0,0,0,0,0,0,0,0,0,0,0,0,0,0,0,0,0,0,0,0,0,0,0,0,0,0,0,0,0,0
136,0600000US2501179110,Whately,1607,1529,1495,15,4,8,0,7,78,71,4,23,5,0,34,0,0,0,2,0,0,1,0,1,1,7,0,0,0,1,0,0,5,1,0,0,0,0,0,0,0,0,0,0,0,0,0,0,0,0,0,0,0,0,0,0,0,0,0,0,0,0,0,0,0,0,0,0,0,0,0
137,0600000US2501300840,Agawam,28692,27025,25048,611,55,738,8,565,1667,1574,185,289,168,2,849,12,1,2,52,0,0,2,2,4,6,78,20,2,2,20,3,0,14,3,3,4,1,0,3,0,2,1,0,0,0,0,14,2,0,9,1,1,0,0,0,1,0,0,0,0,0,0,1,0,1,0,0,0,0,0,0
138,0600000US2501306085,Blandford,1215,1167,1156,0,2,3,0,6,48,43,1,14,11,0,16,0,1,0,0,0,0,0,0,0,0,5,2,0,0,2,0,0,0,0,0,0,0,0,1,0,0,0,0,0,0,0,0,0,0,0,0,0,0,0,0,0,0,0,0,0,0,0,0,0,0,0,0,0,0,0,0
139,0600000US2501308470,Brimfield,3694,3449,3338,28,10,32,0,41,245,230,32,67,17,3,109,0,2,0,0,0,0,0,0,0,0,14,4,1,0,2,1,0,2,3,0,0,0,0,0,0,0,1,0,0,0,0,1,0,0,0,0,0,0,0,0,0,1,0,0,0,0,0,0,0,0,0,0,0,0,0,0
140,0600000US2501313485,Chester,1228,1151,1117,3,9,3,0,19,77,73,8,25,5,0,31,0,2,0,2,0,0,0,0,0,0,3,3,0,0,0,0,0,0,0,0,0,0,0,0,0,0,0,0,0,0,0,1,0,0,0,0,0,0,0,1,0,0,0,0,0,0,0,0,0,0,0,0,0,0,0,0
141,0600000US2501313660,Chicopee,55560,49508,39947,2664,200,941,43,5713,6052,5656,663,576,271,43,3584,52,20,8,332,10,1,39,7,28,22,314,79,10,6,126,5,2,32,16,10,4,1,0,19,0,4,0,0,0,0,0,78,11,0,62,1,2,0,0,0,1,1,0,0,0,0,0,4,0,4,0,0,0,0,0,0
142,0600000US2501319645,East Longmeadow,16430,15546,14241,416,17,619,1,252,884,815,101,137,89,2,442,7,7,0,24,0,0,0,2,3,1,62,15,6,0,16,4,0,11,4,3,1,0,0,1,0,0,1,0,0,0,0,7,2,0,4,0,0,0,0,0,1,0,0,0,0,0,0,0,0,0,0,0,0,0,0,0
143,0600000US2501326675,Granville,1538,1461,1434,6,1,9,0,11,77,75,3,21,11,0,40,0,0,0,0,0,0,0,0,0,0,2,1,0,0,0,0,0,0,0,0,1,0,0,0,0,0,0,0,0,0,0,0,0,0,0,0,0,0,0,0,0,0,0,0,0,0,0,0,0,0,0,0,0,0,0,0
144,0600000US2501328075,Hampden,4966,4722,4598,39,12,34,2,37,244,226,19,55,22,0,121,2,4,0,3,0,0,0,0,0,0,17,8,1,0,0,0,0,2,0,4,0,0,0,2,0,0,0,0,0,0,0,1,0,0,1,0,0,0,0,0,0,0,0,0,0,0,0,0,0,0,0,0,0,0,0,0
145,0600000US2501330665,Holland,2603,2484,2406,15,8,30,0,25,119,110,11,40,8,0,49,0,0,0,1,0,0,1,0,0,0,9,0,2,0,3,0,0,2,0,0,0,0,0,0,0,2,0,0,0,0,0,0,0,0,0,0,0,0,0,0,0,0,0,0,0,0,0,0,0,0,0,0,0,0,0,0
146,0600000US2501330840,Holyoke,38238,32243,19984,1640,262,418,36,9903,5995,5669,348,192,91,24,4347,63,15,8,436,8,0,50,4,30,53,281,59,13,1,111,1,1,43,8,8,2,2,0,27,0,2,2,0,0,1,0,44,8,4,29,0,1,0,0,0,0,2,0,0,0,0,0,1,1,0,0,0,0,0,0,0
147,0600000US2501336300,Longmeadow,15853,15056,13367,244,15,1232,6,192,797,759,79,64,199,7,382,5,1,0,17,0,0,2,0,2,1,34,11,2,0,6,0,0,3,2,7,2,0,0,0,1,0,0,0,0,0,0,4,0,0,4,0,0,0,0,0,0,0,0,0,0,0,0,0,0,0,0,0,0,0,0,0
148,0600000US2501337175,Ludlow,21002,19819,18230,541,46,244,7,751,1183,1130,121,199,122,9,616,3,12,1,38,3,0,4,1,0,1,42,13,4,0,7,0,0,7,0,5,2,0,0,4,0,0,0,0,0,0,0,11,1,0,9,0,0,0,0,0,0,0,0,0,0,1,0,0,0,0,0,0,0,0,0,0
149,0600000US2501342145,Monson,8150,7755,7531,60,16,62,2,84,395,378,57,125,25,1,150,6,0,1,0,0,0,4,1,0,8,15,3,3,0,2,1,0,1,1,1,0,0,0,3,0,0,0,0,0,0,0,1,1,0,0,0,0,0,0,0,0,0,0,0,0,0,0,1,1,0,0,0,0,0,0,0
150,0600000US2501342530,Montgomery,819,791,781,0,1,0,0,9,28,26,1,8,4,0,12,0,0,0,1,0,0,0,0,0,0,2,1,0,0,0,0,0,1,0,0,0,0,0,0,0,0,0,0,0,0,0,0,0,0,0,0,0,0,0,0,0,0,0,0,0,0,0,0,0,0,0,0,0,0,0,0
151,0600000US2501352144,Palmer,12448,11650,10907,271,43,169,10,250,798,759,109,233,51,6,330,5,0,0,10,0,1,7,1,1,5,33,2,1,0,8,3,2,5,3,5,3,0,0,0,0,0,0,0,0,1,0,6,0,0,4,0,0,0,0,1,0,1,0,0,0,0,0,0,0,0,0,0,0,0,0,0
152,0600000US2501358650,Russell,1643,1566,1533,15,6,3,0,9,77,73,9,19,9,0,34,1,0,0,1,0,0,0,0,0,0,4,0,0,0,2,0,0,0,0,1,1,0,0,0,0,0,0,0,0,0,0,0,0,0,0,0,0,0,0,0,0,0,0,0,0,0,0,0,0,0,0,0,0,0,0,0
153,0600000US2501365825,Southwick,9232,8766,8527,51,17,87,4,80,466,441,44,126,50,0,201,10,2,2,0,0,0,0,0,1,5,24,3,7,0,10,0,0,2,0,2,0,0,0,0,0,0,0,0,0,0,0,1,0,0,0,0,0,0,0,0,0,1,0,0,0,0,0,0,0,0,0,0,0,0,0,0
154,0600000US2501367000,Springfield,155929,133419,57260,32503,1411,4565,140,37540,22510,20846,2520,798,466,48,13301,455,180,28,2358,12,10,302,21,135,212,1421,427,52,10,576,17,0,127,27,37,15,14,1,107,0,6,3,0,0,1,1,234,11,5,194,0,9,0,0,2,1,11,0,0,0,1,0,7,4,1,0,2,0,0,2,2
155,0600000US2501370045,Tolland,471,445,427,4,5,8,0,1,26,22,1,6,5,0,10,0,0,0,0,0,0,0,0,0,0,4,3,0,0,1,0,0,0,0,0,0,0,0,0,0,0,0,0,0,0,0,0,0,0,0,0,0,0,0,0,0,0,0,0,0,0,0,0,0,0,0,0,0,0,0,0
156,0600000US2501372390,Wales,1832,1745,1698,8,10,2,0,27,87,80,14,32,2,0,30,0,0,0,0,0,2,0,0,0,0,7,0,0,0,0,0,0,6,1,0,0,0,0,0,0,0,0,0,0,0,0,0,0,0,0,0,0,0,0,0,0,0,0,0,0,0,0,0,0,0,0,0,0,0,0,0
157,0600000US2501376030,Westfield,40834,37999,34497,828,110,953,13,1598,2835,2701,303,449,225,19,1574,12,16,1,76,3,2,7,1,8,5,117,33,5,0,22,4,3,21,5,8,0,6,0,8,2,0,0,0,0,0,0,15,0,0,14,0,0,0,0,0,0,1,0,0,0,0,0,2,0,1,0,1,0,0,0,0
158,0600000US2501377890,West Springfield,28835,26369,21568,1193,71,1845,12,1680,2466,2314,216,231,358,8,1344,17,6,0,87,2,1,21,2,18,3,127,33,10,0,39,1,0,18,3,11,1,2,0,6,0,2,1,0,0,0,0,24,1,1,21,1,0,0,0,0,0,0,0,0,0,0,0,1,1,0,0,0,0,0,0,0
159,0600000US2501379740,Wilbraham,14613,13758,12762,416,11,347,2,220,855,787,121,99,96,3,430,4,4,2,23,1,1,2,0,0,1,61,13,2,1,28,0,1,7,4,3,1,0,0,1,0,0,0,0,0,0,0,7,1,0,5,0,1,0,0,0,0,0,0,0,0,0,0,0,0,0,0,0,0,0,0,0
160,0600000US2501501370,Amherst,39263,35627,24770,2382,141,6995,14,1325,3636,3340,460,189,773,18,1410,40,49,0,307,6,2,30,12,32,12,242,50,26,2,74,11,0,38,13,15,1,2,0,4,4,0,0,0,2,0,0,47,3,0,30,1,3,4,1,1,0,2,2,0,0,0,0,6,0,3,3,0,0,0,1,1
161,0600000US2501504825,Belchertown,15350,14386,13486,295,13,375,4,213,964,903,118,201,122,5,426,3,1,0,19,0,0,3,3,2,0,55,26,7,1,7,1,0,5,3,2,1,0,0,2,0,0,0,0,0,0,0,4,0,0,2,0,0,0,0,2,0,0,0,0,0,0,0,2,0,2,0,0,0,0,0,0
162,0600000US2501513590,Chesterfield,1186,1114,1103,0,1,1,0,9,72,64,4,17,4,0,37,1,0,0,1,0,0,0,0,0,0,7,3,2,0,1,0,1,0,0,0,0,0,0,0,0,0,0,0,0,0,0,1,0,0,1,0,0,0,0,0,0,0,0,0,0,0,0,0,0,0,0,0,0,0,0,0
163,0600000US2501516040,Cummington,829,780,769,4,0,3,0,4,49,41,5,15,3,0,17,0,0,0,0,0,0,0,0,1,0,8,0,0,1,3,1,0,3,0,0,0,0,0,0,0,0,0,0,0,0,0,0,0,0,0,0,0,0,0,0,0,0,0,0,0,0,0,0,0,0,0,0,0,0,0,0
164,0600000US2501519370,Easthampton,16211,15171,14052,193,55,421,7,443,1040,996,108,173,108,16,559,6,3,0,16,1,2,2,0,2,0,38,4,2,0,5,0,1,11,0,9,1,0,0,2,1,0,0,1,1,0,0,6,1,0,0,0,4,0,0,0,0,0,0,0,0,1,0,0,0,0,0,0,0,0,0,0
165,0600000US2501526290,Goshen,960,925,910,1,1,0,0,13,35,34,0,11,1,0,21,0,0,0,0,0,0,1,0,0,0,1,0,1,0,0,0,0,0,0,0,0,0,0,0,0,0,0,0,0,0,0,0,0,0,0,0,0,0,0,0,0,0,0,0,0,0,0,0,0,0,0,0,0,0,0,0
166,0600000US2501526535,Granby,6110,5803,5434,85,12,188,0,84,307,280,29,59,33,6,144,0,2,0,4,0,0,2,1,0,0,21,1,2,0,3,3,0,7,0,2,0,2,0,0,0,0,0,0,1,0,0,5,0,0,3,0,2,0,0,0,0,0,0,0,0,0,0,1,0,1,0,0,0,0,0,0
167,0600000US2501527690,Hadley,5325,4984,4411,78,11,353,1,130,341,322,43,39,41,2,127,0,0,0,57,2,0,5,2,4,0,19,4,4,0,1,1,0,6,2,0,0,1,0,0,0,0,0,0,0,0,0,0,0,0,0,0,0,0,0,0,0,0,0,0,0,0,0,0,0,0,0,0,0,0,0,0
168,0600000US2501529265,Hatfield,3352,3206,3104,26,12,29,3,32,146,138,8,36,17,0,73,0,1,0,1,0,0,0,2,0,0,6,2,0,0,1,0,0,0,2,0,0,0,0,0,1,0,0,0,0,0,0,2,0,0,2,0,0,0,0,0,0,0,0,0,0,0,0,0,0,0,0,0,0,0,0,0
169,0600000US2501531785,Huntington,2094,1955,1908,14,0,10,0,23,139,131,3,46,13,3,60,0,0,0,3,0,0,1,0,1,1,2,1,0,0,0,0,0,0,0,0,0,1,0,0,0,0,0,0,0,0,0,6,1,0,1,0,0,0,0,0,0,4,0,0,0,0,0,0,0,0,0,0,0,0,0,0
170,0600000US2501540990,Middlefield,385,371,362,0,1,4,0,4,14,12,0,5,1,0,5,0,0,0,0,0,0,0,0,1,0,2,0,0,0,0,0,0,1,0,0,0,0,0,1,0,0,0,0,0,0,0,0,0,0,0,0,0,0,0,0,0,0,0,0,0,0,0,0,0,0,0,0,0,0,0,0
171,0600000US2501546330,Northampton,29571,27082,23667,915,87,1301,12,1100,2489,2299,279,248,441,14,1154,17,26,2,77,0,4,10,6,17,4,151,26,21,1,51,6,0,28,2,7,0,0,0,0,6,2,0,0,0,1,0,37,5,0,26,0,1,0,4,0,0,1,0,0,0,0,0,1,0,0,1,0,0,0,1,1
172,0600000US2501552560,Pelham,1280,1184,1116,32,3,22,1,10,96,88,10,19,12,2,44,0,0,0,0,0,0,1,0,0,0,7,0,0,0,5,0,0,0,0,2,0,0,0,0,0,0,0,0,0,0,0,1,0,0,0,0,1,0,0,0,0,0,0,0,0,0,0,0,0,0,0,0,0,0,0,0
173,0600000US2501554030,Plainfield,633,592,576,2,2,2,0,10,41,39,5,13,4,0,15,0,0,0,1,0,0,0,0,1,0,1,1,0,0,0,0,0,0,0,0,0,0,0,0,0,0,0,0,0,0,0,0,0,0,0,0,0,0,0,0,0,0,0,0,0,0,0,0,0,0,0,0,0,0,1,1
174,0600000US2501562745,Southampton,6224,5903,5774,31,0,55,1,42,321,304,26,61,43,0,166,0,0,0,0,0,0,3,3,2,0,12,1,1,0,5,0,0,3,0,1,0,1,0,0,0,0,0,0,0,0,0,5,2,0,3,0,0,0,0,0,0,0,0,0,0,0,0,0,0,0,0,0,0,0,0,0
175,0600000US2501564145,South Hadley,18150,17001,15040,476,37,938,3,507,1149,1096,175,157,156,6,528,14,9,0,33,2,0,9,0,4,3,44,10,3,0,7,3,2,12,2,1,1,0,2,0,0,0,0,1,0,0,0,8,0,0,5,0,1,1,0,0,0,0,1,0,0,0,0,1,0,0,0,1,0,0,0,0
176,0600000US2501572880,Ware,10066,9252,8762,145,43,71,10,221,814,773,124,189,43,0,367,2,2,3,29,2,2,3,0,6,1,32,14,2,1,10,2,0,2,0,1,0,0,0,0,0,0,0,0,0,0,0,9,1,0,6,0,0,0,0,0,0,2,0,0,0,0,0,0,0,0,0,0,0,0,0,0
177,0600000US2501576380,Westhampton,1622,1537,1516,3,1,6,2,9,85,76,3,20,13,2,33,0,0,0,2,1,0,0,1,0,1,3,0,0,0,0,0,0,2,0,0,0,1,0,0,0,0,0,0,0,0,0,5,0,0,3,1,0,0,1,0,0,0,0,0,0,0,0,1,0,1,0,0,0,0,0,0
178,0600000US2501579915,Williamsburg,2504,2364,2293,24,6,16,0,25,140,137,12,43,12,0,65,1,0,0,3,0,0,1,0,0,0,1,1,0,0,0,0,0,0,0,0,0,0,0,0,0,0,0,0,0,0,0,2,0,0,2,0,0,0,0,0,0,0,0,0,0,0,0,0,0,0,0,0,0,0,0,0
179,0600000US2501582175,Worthington,1193,1125,1108,0,0,6,0,11,68,64,2,20,9,0,32,1,0,0,0,0,0,0,0,0,0,4,2,0,0,1,0,0,0,0,0,0,0,0,1,0,0,0,0,0,0,0,0,0,0,0,0,0,0,0,0,0,0,0,0,0,0,0,0,0,0,0,0,0,0,0,0
180,0600000US2501700380,Acton,24021,22404,15320,595,27,6032,6,424,1617,1514,126,114,386,1,792,2,13,1,40,7,0,9,2,14,7,87,16,3,0,20,2,0,14,12,16,0,0,0,1,0,3,0,0,0,0,0,14,3,0,10,0,0,0,0,0,0,0,0,0,0,1,0,2,0,2,0,0,0,0,0,0
181,0600000US2501701605,Arlington,46308,42782,35293,1087,59,5659,8,676,3526,3332,308,176,1128,7,1535,21,10,5,80,1,1,13,9,38,0,177,28,16,0,45,11,2,30,2,36,1,0,0,3,1,2,0,0,0,0,0,16,3,0,9,0,4,0,0,0,0,0,0,0,0,0,0,0,0,0,0,0,0,0,1,1
182,0600000US2501701955,Ashby,3193,3024,2953,18,9,16,1,27,169,153,15,24,16,0,93,1,1,0,2,1,0,0,0,0,0,13,5,1,0,2,0,0,3,1,0,0,0,0,0,0,1,0,0,0,0,0,3,0,0,0,0,3,0,0,0,0,0,0,0,0,0,0,0,0,0,0,0,0,0,0,0
183,0600000US2501702130,Ashland,18832,17213,13125,555,43,2464,2,1024,1619,1547,109,75,163,2,1093,10,3,1,70,4,0,2,3,12,0,62,5,1,0,26,3,0,11,0,16,0,0,0,0,0,0,0,0,0,0,0,10,0,0,8,0,2,0,0,0,0,0,0,0,0,0,0,0,0,0,0,0,0,0,0,0
184,0600000US2501703005,Ayer,8479,7748,6567,449,19,429,4,280,731,696,103,100,90,1,345,17,0,1,26,1,0,8,2,1,1,31,7,0,0,4,5,0,5,4,1,2,2,0,1,0,0,0,0,0,0,0,3,0,0,1,0,1,0,0,0,0,1,0,0,0,0,0,1,1,0,0,0,0,0,0,0
185,0600000US2501704615,Bedford,14383,13503,10696,375,25,2242,0,165,880,830,83,53,226,6,422,1,3,0,22,0,1,3,6,1,3,41,6,6,1,13,3,0,7,2,1,0,0,0,0,0,0,0,0,2,0,0,9,4,0,3,0,1,0,0,1,0,0,0,0,0,0,0,0,0,0,0,0,0,0,0,0
186,0600000US2501705070,Belmont,27295,25249,19236,544,28,5049,6,386,2046,1916,128,74,635,3,971,7,14,2,41,5,0,6,8,21,1,110,21,13,0,24,1,0,27,5,14,2,0,0,1,0,0,0,0,2,0,0,19,0,0,17,0,1,0,1,0,0,0,0,0,0,0,0,0,0,0,0,0,0,0,1,1
187,0600000US2501705805,Billerica,42119,40042,33764,1676,74,3608,5,915,2077,1989,217,251,283,7,1132,4,13,2,40,2,0,13,5,20,0,80,16,5,0,16,1,0,17,5,16,2,0,0,0,0,2,0,0,0,0,0,6,0,0,5,0,1,0,0,0,0,0,0,0,0,0,0,0,0,0,0,0,0,0,2,2
188,0600000US2501707350,Boxborough,5506,5151,3753,120,5,1189,1,83,355,337,27,33,76,3,177,7,0,0,9,0,0,0,0,5,0,18,2,1,0,8,0,0,3,2,1,0,0,0,0,0,1,0,0,0,0,0,0,0,0,0,0,0,0,0,0,0,0,0,0,0,0,0,0,0,0,0,0,0,0,0,0
189,0600000US2501709840,Burlington,26377,25059,18689,1240,36,4706,4,384,1318,1247,99,83,246,5,724,8,15,2,42,4,0,9,1,8,1,64,12,2,0,19,3,0,16,2,7,3,0,0,0,0,0,0,0,0,0,0,5,2,0,2,0,0,0,0,1,0,0,0,0,0,0,0,0,0,0,0,0,0,0,2,2
190,0600000US2501711000,Cambridge,118403,107530,67887,12520,290,22743,54,4036,10873,10081,1320,443,2650,33,4484,88,125,27,668,34,0,55,69,73,12,702,123,63,3,165,23,3,127,56,102,7,4,0,13,2,8,1,0,1,0,1,79,10,0,55,0,3,3,2,5,0,0,0,0,0,1,0,9,5,3,0,0,1,0,2,2
191,0600000US2501711525,Carlisle,5237,4845,4154,37,3,595,2,54,392,378,14,37,150,0,156,0,0,0,11,0,0,2,0,8,0,14,0,0,0,3,0,0,7,1,3,0,0,0,0,0,0,0,0,0,0,0,0,0,0,0,0,0,0,0,0,0,0,0,0,0,0,0,0,0,0,0,0,0,0,0,0
192,0600000US2501713135,Chelmsford,36392,34384,28768,896,32,4071,3,614,2008,1903,176,188,352,4,1091,5,7,1,50,5,0,6,2,15,1,90,18,6,0,19,7,0,20,8,10,0,0,0,1,0,0,0,0,0,0,1,14,0,0,9,0,2,0,0,1,0,0,0,0,0,2,0,1,0,1,0,0,0,0,0,0
193,0600000US2501715060,Concord,18491,17191,15337,482,3,1171,4,194,1300,1248,72,65,356,0,676,3,8,2,57,2,0,5,0,1,1,50,9,0,0,10,2,0,12,8,8,0,0,0,0,0,0,0,0,0,0,1,2,0,0,1,0,0,0,0,1,0,0,0,0,0,0,0,0,0,0,0,0,0,0,0,0
194,0600000US2501717475,Dracut,32617,30639,25497,1901,39,2003,4,1195,1978,1875,217,210,229,9,1090,9,17,0,61,2,1,6,4,10,10,84,31,3,0,29,0,0,10,3,4,0,0,0,1,1,2,0,0,0,0,0,16,1,0,14,0,1,0,0,0,0,0,0,0,0,0,0,3,2,1,0,0,0,0,0,0
195,0600000US2501717825,Dunstable,3358,3164,2930,30,3,163,0,38,194,192,12,19,44,1,109,0,6,0,1,0,0,0,0,0,0,2,0,0,0,2,0,0,0,0,0,0,0,0,0,0,0,0,0,0,0,0,0,0,0,0,0,0,0,0,0,0,0,0,0,0,0,0,0,0,0,0,0,0,0,0,0
196,0600000US2501721990,Everett,49075,40641,18352,7189,326,3712,15,11047,8434,8172,408,154,165,9,6377,29,30,3,847,17,1,98,6,23,5,223,25,20,1,95,0,0,38,8,21,1,0,0,6,1,5,0,0,2,0,0,34,1,0,24,1,5,1,0,1,0,1,0,0,0,0,0,4,2,0,2,0,0,0,1,1
197,0600000US2501724960,Framingham,72362,62436,40685,4517,338,5267,26,11603,9926,9575,607,295,601,17,6931,54,21,8,694,4,2,280,18,37,6,319,55,17,1,123,4,0,70,11,26,0,0,0,8,1,2,0,0,0,0,1,31,5,0,22,0,2,0,1,1,0,0,0,0,0,0,0,1,1,0,0,0,0,0,0,0
198,0600000US2501727480,Groton,11315,10656,9761,145,14,583,4,149,659,628,63,81,144,9,312,1,2,0,5,0,0,2,3,2,4,24,3,0,1,8,6,0,0,4,2,0,0,0,0,0,0,0,0,0,0,0,7,0,0,7,0,0,0,0,0,0,0,0,0,0,0,0,0,0,0,0,0,0,0,0,0
199,0600000US2501730700,Holliston,14996,14168,12742,185,16,932,2,291,828,793,53,58,163,5,492,0,2,0,7,2,0,0,4,6,1,32,6,2,0,9,0,0,12,2,0,1,0,0,0,0,0,0,0,0,0,0,2,0,0,0,0,0,0,0,2,0,0,0,0,0,0,0,1,0,1,0,0,0,0,0,0
200,0600000US2501731085,Hopkinton,18758,17738,13899,198,22,3352,4,263,1020,983,68,81,226,0,558,2,6,0,23,0,0,5,3,9,2,36,6,0,0,7,6,0,7,2,7,1,0,0,0,0,0,0,0,0,0,0,1,1,0,0,0,0,0,0,0,0,0,0,0,0,0,0,0,0,0,0,0,0,0,0,0
201,0600000US2501731540,Hudson,20092,18075,16071,377,31,580,3,1013,2017,1946,146,115,116,0,1476,5,3,0,63,2,0,9,0,11,0,67,7,5,0,31,6,0,4,5,4,2,0,0,2,0,1,0,0,0,0,0,4,0,0,3,0,0,0,0,1,0,0,0,0,0,0,0,0,0,0,0,0,0,0,0,0
202,0600000US2501735215,Lexington,34454,32084,19741,476,30,11416,0,421,2370,2240,190,94,838,11,959,3,14,0,59,4,0,7,19,41,1,122,19,23,0,24,3,0,15,6,30,0,0,0,0,0,2,0,0,0,0,0,6,0,0,3,0,2,0,0,0,0,1,0,0,0,0,0,2,0,2,0,0,0,0,0,0
203,0600000US2501735425,Lincoln,7014,6350,5436,259,18,454,12,171,664,619,78,47,169,9,270,7,3,1,18,1,0,0,3,12,1,41,12,5,0,9,1,0,8,1,4,0,0,0,0,0,0,0,0,0,1,0,4,3,0,0,0,1,0,0,0,0,0,0,0,0,0,0,0,0,0,0,0,0,0,0,0
204,0600000US2501735950,Littleton,10141,9627,8526,138,16,829,4,114,514,486,43,75,111,0,239,0,6,0,2,0,0,6,1,2,1,21,3,1,0,2,5,0,1,3,6,0,0,0,0,0,0,0,0,0,0,0,7,0,0,6,0,1,0,0,0,0,0,0,0,0,0,0,0,0,0,0,0,0,0,0,0
205,0600000US2501737000,Lowell,115554,103219,52594,10344,405,25776,64,14036,12335,11668,923,511,1022,20,7553,75,130,6,960,15,0,147,39,169,98,575,120,43,4,225,20,0,68,18,48,3,0,0,16,0,10,0,0,0,0,0,87,8,0,62,0,8,2,0,5,0,1,0,0,0,1,0,5,0,1,4,0,0,0,0,0
206,0600000US2501737875,Malden,66263,59403,27463,9723,215,17151,17,4834,6860,6551,668,220,507,22,4241,79,61,9,622,4,0,47,6,58,7,275,57,14,1,100,7,1,43,4,37,2,1,0,6,0,2,0,0,0,0,0,33,3,0,26,0,2,1,1,0,0,0,0,0,0,0,0,0,0,0,0,0,0,0,1,1
207,0600000US2501738715,Marlborough,41793,35748,25633,1420,205,2463,8,6019,6045,5804,319,267,252,12,4479,22,18,0,288,3,0,95,4,37,8,227,36,14,0,92,5,0,65,8,6,0,0,0,0,0,0,1,0,0,0,0,11,4,0,2,0,1,0,0,1,0,1,0,1,0,1,0,3,0,3,0,0,0,0,0,0
208,0600000US2501739625,Maynard,10746,10008,9064,234,17,367,1,325,738,700,64,89,87,1,430,2,1,0,15,2,0,9,0,0,0,38,6,1,0,4,5,0,18,0,2,0,0,0,0,0,2,0,0,0,0,0,0,0,0,0,0,0,0,0,0,0,0,0,0,0,0,0,0,0,0,0,0,0,0,0,0
209,0600000US2501739835,Medford,59659,54715,40474,4977,77,6839,21,2327,4944,4625,474,237,765,9,2627,47,29,0,299,19,0,30,20,57,12,287,45,40,1,96,6,0,49,17,24,0,0,0,4,0,5,0,0,0,0,0,28,6,0,15,2,2,0,2,1,0,0,0,0,0,0,0,4,1,3,0,0,0,0,0,0
210,0600000US2501740115,Melrose,29817,27746,24004,968,32,2220,8,514,2071,1981,189,121,419,16,1133,3,10,3,60,4,0,10,1,8,4,72,14,5,0,29,4,0,5,4,6,0,0,0,1,2,2,0,0,0,0,0,18,2,0,14,1,1,0,0,0,0,0,0,0,0,0,0,0,0,0,0,0,0,0,0,0
211,0600000US2501743895,Natick,37006,34523,28311,813,78,4445,3,873,2483,2307,191,150,546,12,1264,11,18,1,51,7,0,10,7,31,8,164,37,1,1,44,8,0,41,11,20,0,1,0,0,0,0,0,0,0,0,0,12,1,0,4,0,5,0,0,1,0,0,0,1,0,0,0,0,0,0,0,0,0,0,0,0
212,0600000US2501745560,Newton,88923,82770,63226,2670,137,14725,28,1984,6153,5827,664,229,1802,17,2764,18,49,3,133,8,0,24,22,92,2,283,41,45,2,74,10,1,44,12,42,0,0,0,2,0,5,0,0,2,1,2,43,2,0,31,0,5,2,0,2,0,0,1,0,0,0,0,0,0,0,0,0,0,0,0,0
213,0600000US2501748955,North Reading,15554,14816,13874,139,24,596,1,182,738,700,52,74,139,3,409,1,1,0,5,0,0,6,5,4,1,37,9,1,1,11,0,0,3,0,11,0,0,0,0,0,1,0,0,0,0,0,1,0,0,0,1,0,0,0,0,0,0,0,0,0,0,0,0,0,0,0,0,0,0,0,0
214,0600000US2501752805,Pepperell,11604,10921,10359,147,16,235,1,163,683,654,70,101,113,3,338,3,1,0,15,1,0,1,1,6,1,23,0,6,0,5,3,0,4,2,3,0,0,0,0,0,0,0,0,0,0,0,6,0,0,6,0,0,0,0,0,0,0,0,0,0,0,0,0,0,0,0,0,0,0,0,0
215,0600000US2501756130,Reading,25518,24400,22454,329,34,1350,5,228,1118,1063,95,80,237,5,591,0,2,0,28,5,0,8,2,8,2,43,14,2,0,4,1,0,5,3,13,0,0,0,0,1,0,0,0,0,0,0,12,0,0,9,0,2,1,0,0,0,0,0,0,0,0,0,0,0,0,0,0,0,0,0,0
216,0600000US2501761380,Sherborn,4401,4046,3639,27,2,336,1,41,355,344,18,17,101,2,199,0,3,0,4,0,0,0,0,0,0,11,0,2,0,5,0,0,0,1,3,0,0,0,0,0,0,0,0,0,0,0,0,0,0,0,0,0,0,0,0,0,0,0,0,0,0,0,0,0,0,0,0,0,0,0,0
217,0600000US2501761590,Shirley,7431,6611,5657,599,12,205,6,132,820,804,58,77,72,0,502,1,0,0,93,0,0,0,1,0,0,15,0,0,1,11,0,0,0,1,2,0,0,0,0,0,0,0,0,0,0,0,1,1,0,0,0,0,0,0,0,0,0,0,0,0,0,0,0,0,0,0,0,0,0,0,0
218,0600000US2501762535,Somerville,81045,72795,54388,4449,202,8614,27,5115,8250,7803,690,364,1415,14,4589,37,55,12,477,8,0,81,10,43,8,390,62,35,4,112,16,1,68,23,45,6,0,0,5,0,10,1,0,1,1,0,53,4,0,34,1,5,2,0,4,2,1,0,0,0,0,0,4,2,1,0,0,1,0,0,0
219,0600000US2501767665,Stoneham,23244,21809,19154,666,24,1519,3,443,1435,1358,132,103,196,0,858,7,0,0,45,2,0,3,6,6,0,68,16,9,1,24,3,0,10,0,3,0,0,0,0,2,0,0,0,0,0,0,9,2,0,6,0,1,0,0,0,0,0,0,0,0,0,0,0,0,0,0,0,0,0,0,0
220,0600000US2501768050,Stow,7174,6686,6197,65,13,311,0,100,488,458,38,47,101,0,253,2,2,0,10,1,0,0,1,2,1,26,5,3,0,5,3,0,4,0,5,0,0,0,0,0,0,1,0,0,0,0,4,0,0,1,0,0,0,0,3,0,0,0,0,0,0,0,0,0,0,0,0,0,0,0,0
221,0600000US2501768260,Sudbury,18934,17643,15466,249,10,1698,7,213,1291,1222,122,66,401,9,591,2,9,0,8,0,0,2,0,11,1,63,9,2,0,12,5,0,12,7,15,0,0,0,0,0,1,0,0,0,0,0,6,1,0,3,0,0,0,0,2,0,0,0,0,0,0,0,0,0,0,0,0,0,0,0,0
222,0600000US2501769415,Tewksbury,31342,29841,27277,747,15,1301,3,498,1501,1428,133,171,206,4,817,8,9,1,64,1,0,4,8,2,0,68,14,4,0,23,1,0,14,5,2,0,0,0,1,0,3,1,0,0,0,0,5,0,0,5,0,0,0,0,0,0,0,0,0,0,0,0,0,0,0,0,0,0,0,0,0
223,0600000US2501770360,Townsend,9127,8524,8170,104,23,102,1,124,603,567,38,123,60,0,323,2,0,1,12,3,0,1,0,4,0,32,7,4,0,4,0,0,4,0,8,0,0,0,0,0,5,0,0,0,0,0,3,0,0,2,0,1,0,0,0,0,0,0,0,0,0,0,1,0,1,0,0,0,0,0,0
224,0600000US2501771025,Tyngsborough,12380,11727,10126,347,13,991,3,247,653,612,73,86,77,0,345,0,10,0,16,0,0,0,3,1,1,37,0,2,0,20,3,0,10,0,0,0,0,0,1,0,1,0,0,0,0,0,4,0,0,2,2,0,0,0,0,0,0,0,0,0,0,0,0,0,0,0,0,0,0,0,0
225,0600000US2501772215,Wakefield,27090,25563,23441,424,40,1146,4,508,1527,1452,139,143,239,3,847,1,0,1,55,5,0,4,1,14,0,68,13,10,1,8,3,3,16,1,13,0,0,0,0,0,0,0,0,0,0,0,7,2,0,3,0,0,0,0,2,0,0,0,0,0,0,0,0,0,0,0,0,0,0,0,0
226,0600000US2501772600,Waltham,65218,60476,40672,4556,344,7947,21,6936,4742,4535,364,201,601,9,3008,18,19,2,200,3,0,58,9,34,9,176,29,21,0,34,7,0,42,14,24,0,0,0,4,0,1,0,0,0,0,0,26,0,0,16,3,2,2,0,3,0,0,0,0,0,0,0,1,0,1,0,0,0,0,4,4
227,0600000US2501773440,Watertown,35329,32530,26366,1261,70,3377,2,1454,2799,2648,250,129,526,15,1554,7,13,1,107,8,1,16,8,13,0,146,27,7,0,57,7,0,20,10,11,0,0,0,5,1,1,0,0,0,0,0,5,0,0,2,0,3,0,0,0,0,0,0,0,0,0,0,0,0,0,0,0,0,0,0,0
228,0600000US2501773790,Wayland,13943,12995,10800,130,11,1891,6,157,948,899,61,33,270,11,502,1,5,0,12,0,0,2,0,2,0,42,7,0,0,15,0,0,5,2,9,0,0,0,0,0,3,0,0,0,1,0,7,1,0,5,0,1,0,0,0,0,0,0,0,0,0,0,0,0,0,0,0,0,0,0,0
229,0600000US2501776135,Westford,24643,23402,17664,230,30,5279,3,196,1241,1190,113,135,309,2,568,6,4,0,16,9,0,11,1,12,4,41,4,7,0,5,1,0,6,10,2,2,3,0,0,0,1,0,0,0,0,0,8,0,0,4,0,0,0,0,3,0,0,0,0,0,1,0,2,2,0,0,0,0,0,0,0
230,0600000US2501777255,Weston,11851,11212,8906,251,14,1892,3,146,639,612,37,20,198,5,323,6,0,1,14,2,0,0,3,2,1,23,0,0,0,6,11,0,1,4,1,0,0,0,0,0,0,0,0,0,0,0,4,3,0,1,0,0,0,0,0,0,0,0,0,0,0,0,0,0,0,0,0,0,0,0,0
231,0600000US2501780230,Wilmington,23349,22199,20335,323,18,1262,10,251,1150,1097,127,135,185,15,562,1,5,2,37,4,0,6,3,13,2,50,1,8,0,15,3,0,11,6,5,1,0,0,0,0,0,0,0,0,0,0,3,0,0,2,0,0,1,0,0,0,0,0,0,0,0,0,0,0,0,0,0,0,0,0,0
232,0600000US2501780510,Winchester,22970,21506,17285,237,21,3690,6,267,1464,1379,100,79,478,2,654,4,9,0,27,3,0,7,4,11,1,75,13,6,0,14,10,0,6,8,18,0,0,0,0,0,0,0,0,0,0,0,10,0,0,4,0,2,0,2,2,0,0,0,0,0,0,0,0,0,0,0,0,0,0,0,0
233,0600000US2501781035,Woburn,40876,37726,30264,2232,68,3469,7,1686,3150,3045,306,195,289,12,2010,25,15,0,123,1,0,47,7,14,1,95,12,11,0,35,3,0,16,3,9,1,0,0,0,1,4,0,0,0,0,0,9,0,0,7,0,2,0,0,0,0,0,0,0,0,0,0,1,1,0,0,0,0,0,0,0
234,0600000US2501900000,"County subdivisions not defined, Nantucket County, Massachusetts",0,0,0,0,0,0,0,0,0,0,0,0,0,0,0,0,0,0,0,0,0,0,0,0,0,0,0,0,0,0,0,0,0,0,0,0,0,0,0,0,0,0,0,0,0,0,0,0,0,0,0,0,0,0,0,0,0,0,0,0,0,0,0,0,0,0,0,0,0,0,0
235,0600000US2501943790,Nantucket,14255,12868,10159,1027,87,264,5,1326,1387,1270,88,51,87,2,895,17,4,9,92,1,2,1,0,20,1,84,7,9,3,27,7,2,0,4,5,2,4,4,2,0,4,4,0,0,0,0,23,7,0,0,0,2,5,0,1,0,2,1,2,0,3,0,10,0,10,0,0,0,0,0,0
236,0600000US2502102935,Avon,4777,4431,3092,910,7,196,0,226,346,328,53,19,27,0,134,1,0,0,92,0,0,2,0,0,0,18,1,0,1,10,1,0,0,2,3,0,0,0,0,0,0,0,0,0,0,0,0,0,0,0,0,0,0,0,0,0,0,0,0,0,0,0,0,0,0,0,0,0,0,0,0
237,0600000US2502104930,Bellingham,16945,15907,14671,315,39,509,6,367,1038,986,101,133,114,6,555,8,7,2,53,0,1,0,3,3,0,40,11,0,0,14,0,0,4,0,8,0,0,0,2,0,0,1,0,0,0,0,11,1,0,8,0,0,0,0,0,0,0,0,2,0,0,0,1,1,0,0,0,0,0,0,0
238,0600000US2502107740,Braintree,39143,36779,27698,1330,69,6750,9,923,2364,2241,220,146,328,11,1177,11,27,2,272,2,1,13,6,22,3,104,14,10,1,32,11,0,14,6,9,0,2,0,3,1,0,0,0,0,0,1,15,2,0,4,0,6,1,1,1,0,0,0,0,0,0,0,4,3,1,0,0,0,0,0,0
239,0600000US2502109175,Brookline,63191,57845,42233,2069,108,12124,15,1296,5346,5024,459,117,1569,21,2528,31,31,2,160,3,0,31,31,36,5,284,35,25,0,66,15,1,59,29,36,1,2,0,6,0,8,1,0,0,0,0,37,12,0,20,0,2,0,0,2,0,0,0,1,0,0,0,1,1,0,0,0,0,0,0,0
240,0600000US2502111315,Canton,24370,22925,17956,2262,27,2142,11,527,1445,1347,182,70,290,3,578,24,26,1,133,6,0,8,7,15,4,89,19,4,1,41,6,0,7,4,2,0,1,0,3,0,0,1,0,0,0,0,9,2,0,2,0,2,0,0,2,0,1,0,0,0,0,0,0,0,0,0,0,0,0,0,0
241,0600000US2502114640,Cohasset,8381,8022,7842,29,14,99,0,38,359,350,18,41,85,0,195,0,0,0,7,0,0,0,1,2,1,9,4,3,0,0,1,0,0,0,0,0,0,0,1,0,0,0,0,0,0,0,0,0,0,0,0,0,0,0,0,0,0,0,0,0,0,0,0,0,0,0,0,0,0,0,0
242,0600000US2502116495,Dedham,25364,23728,20132,1583,59,962,6,986,1636,1527,150,96,231,4,858,16,17,0,118,0,1,6,3,15,12,95,16,7,1,43,6,0,6,4,2,0,0,0,5,0,4,1,0,0,0,0,14,1,0,8,0,2,0,1,0,0,0,0,2,0,0,0,0,0,0,0,0,0,0,0,0
243,0600000US2502117405,Dover,5923,5523,4823,48,4,600,0,48,400,384,33,32,116,2,187,0,2,0,9,0,0,0,1,2,0,12,0,2,0,5,0,0,2,0,0,0,0,0,1,0,2,0,0,0,0,0,4,0,0,3,0,0,1,0,0,0,0,0,0,0,0,0,0,0,0,0,0,0,0,0,0
244,0600000US2502124820,Foxborough,18618,17657,15727,808,15,840,3,264,961,905,102,98,107,0,454,8,17,0,110,0,0,0,3,3,3,51,9,0,0,25,0,0,9,3,2,0,0,0,1,0,0,1,0,0,0,1,5,0,0,5,0,0,0,0,0,0,0,0,0,0,0,0,0,0,0,0,0,0,0,0,0
245,0600000US2502125172,Franklin,33261,31613,28602,668,29,1837,19,458,1648,1570,151,165,297,8,882,9,9,0,36,1,0,1,4,7,0,65,15,5,1,18,6,0,8,6,4,0,1,0,0,0,1,0,0,0,0,0,13,2,0,1,0,4,0,0,5,0,1,0,0,0,0,0,0,0,0,0,0,0,0,0,0
246,0600000US2502130455,Holbrook,11405,10447,7586,1720,32,537,2,570,958,890,151,81,59,0,316,14,9,3,244,0,0,0,1,9,3,63,5,7,1,30,3,1,4,2,3,0,0,1,5,0,0,0,0,0,0,1,5,0,0,4,0,1,0,0,0,0,0,0,0,0,0,0,0,0,0,0,0,0,0,0,0
247,0600000US2502139765,Medfield,12799,12052,11269,155,12,499,3,114,747,731,44,70,178,2,401,6,5,4,7,4,0,6,0,4,0,13,1,3,0,6,0,0,3,0,0,0,0,0,0,0,0,0,0,0,0,0,3,0,0,3,0,0,0,0,0,0,0,0,0,0,0,0,0,0,0,0,0,0,0,0,0
248,0600000US2502139975,Medway,13115,12455,11666,180,27,380,4,198,660,632,55,80,138,2,331,2,5,1,13,0,0,2,1,2,0,26,3,0,0,7,0,0,1,2,12,0,0,0,1,0,0,0,0,0,0,0,2,0,0,2,0,0,0,0,0,0,0,0,0,0,0,0,0,0,0,0,0,0,0,0,0
249,0600000US2502141515,Millis,8460,7992,7516,117,18,235,1,105,468,438,53,42,70,0,243,5,8,2,15,0,0,0,0,0,0,25,3,6,0,5,2,0,3,1,0,0,1,0,0,0,0,4,0,0,0,0,5,2,0,3,0,0,0,0,0,0,0,0,0,0,0,0,0,0,0,0,0,0,0,0,0
250,0600000US2502141690,Milton,28630,26682,20532,3723,61,1793,8,565,1948,1816,280,79,339,11,675,60,24,5,308,2,0,2,3,27,1,119,36,13,0,37,2,0,8,4,6,0,1,0,8,1,2,0,0,0,0,1,10,1,0,8,0,1,0,0,0,0,0,0,0,0,0,0,3,0,1,0,0,2,0,0,0
251,0600000US2502144105,Needham,32091,30256,26297,484,26,3045,3,401,1835,1731,176,42,520,2,914,8,7,3,32,2,1,4,4,16,0,86,8,18,1,21,3,0,11,6,14,0,0,0,3,0,1,0,0,0,0,0,18,2,1,15,0,0,0,0,0,0,0,0,0,0,0,0,0,0,0,0,0,0,0,0,0
252,0600000US2502146050,Norfolk,11662,11012,9949,614,17,306,0,126,650,635,25,56,95,0,377,1,3,0,75,0,0,1,0,0,2,9,2,0,0,6,0,0,1,0,0,0,0,0,0,0,0,0,0,0,0,0,6,0,0,5,0,0,0,0,1,0,0,0,0,0,0,0,0,0,0,0,0,0,0,0,0
253,0600000US2502150250,Norwood,31611,29458,23290,2417,81,2357,5,1308,2153,2028,230,152,141,9,1178,25,14,0,178,1,0,83,1,12,4,99,14,9,1,54,2,0,7,2,5,0,0,0,1,1,1,0,0,0,0,2,23,3,0,16,0,3,0,1,0,0,0,0,0,0,0,0,3,1,2,0,0,0,0,0,0
254,0600000US2502154100,Plainville,9945,9467,8634,316,5,358,10,144,478,437,58,44,84,0,226,4,0,0,14,0,0,2,0,4,1,38,3,5,0,16,1,0,5,0,5,0,0,0,2,0,1,0,0,0,0,0,3,0,0,1,0,2,0,0,0,0,0,0,0,0,0,0,0,0,0,0,0,0,0,0,0
255,0600000US2502155745,Quincy,101636,95997,55975,5796,218,31282,20,2706,5639,5241,674,366,733,34,2343,54,108,22,787,10,0,31,13,52,14,340,47,19,3,138,19,1,44,15,31,2,3,1,5,3,7,1,0,1,0,0,57,5,1,40,0,6,1,2,0,0,0,1,1,0,0,0,1,1,0,0,0,0,0,0,0
256,0600000US2502156000,Randolph,34984,31895,9634,15119,135,4518,5,2484,3089,2871,448,89,127,1,788,132,65,36,1124,6,2,14,9,22,8,200,65,23,0,79,1,0,7,0,12,1,3,0,4,0,4,1,0,0,0,0,18,2,0,14,0,2,0,0,0,0,0,0,0,0,0,0,0,0,0,0,0,0,0,0,0
257,0600000US2502160785,Sharon,18575,17526,12577,761,20,3939,1,228,1049,990,108,56,330,1,423,8,7,0,43,6,0,1,3,4,0,53,11,1,0,20,0,1,4,4,6,0,0,0,0,1,4,0,0,0,0,1,6,3,1,1,0,1,0,0,0,0,0,0,0,0,0,0,0,0,0,0,0,0,0,0,0
258,0600000US2502167945,Stoughton,29281,26561,18193,5246,48,1591,7,1476,2720,2513,277,131,160,10,1161,73,30,0,625,11,2,13,2,16,2,184,31,13,1,92,1,0,14,4,15,0,0,0,10,0,1,1,0,0,0,1,23,1,0,20,0,2,0,0,0,0,0,0,0,0,0,0,0,0,0,0,0,0,0,0,0
259,0600000US2502172495,Walpole,26383,24847,22044,849,34,1402,4,514,1536,1457,102,99,178,13,908,3,5,3,119,5,0,4,1,16,1,68,22,4,0,24,6,0,5,5,1,0,1,0,0,0,0,0,0,0,0,0,11,0,0,8,0,1,0,0,0,0,1,0,1,0,0,0,0,0,0,0,0,0,0,0,0
260,0600000US2502174175,Wellesley,29550,27655,22079,622,21,4393,9,531,1895,1810,131,57,686,5,847,3,7,0,46,0,0,8,5,14,1,75,12,9,1,14,7,0,12,9,9,0,0,0,0,0,0,0,1,0,0,1,10,1,0,6,0,3,0,0,0,0,0,0,0,0,0,0,0,0,0,0,0,0,0,0,0
261,0600000US2502178690,Westwood,16266,15455,13554,276,5,1479,0,141,811,769,62,45,237,1,379,11,9,0,19,1,0,3,0,2,0,37,8,0,0,13,1,0,6,0,6,0,0,0,0,1,2,0,0,0,0,0,5,0,0,5,0,0,0,0,0,0,0,0,0,0,0,0,0,0,0,0,0,0,0,0,0
262,0600000US2502178972,Weymouth,57437,53589,44958,2789,107,4006,13,1716,3848,3590,422,357,358,15,1917,27,37,3,397,2,0,18,19,18,0,229,45,9,0,104,11,1,21,9,17,0,0,0,6,4,1,1,0,0,0,0,24,8,0,10,0,5,0,0,1,0,0,0,0,0,0,0,5,3,1,0,1,0,0,0,0
263,0600000US2502182315,Wrentham,12178,11621,10993,165,19,333,2,109,557,520,70,67,76,6,258,6,1,1,23,0,0,6,2,4,0,28,9,0,0,11,1,0,4,2,0,1,0,0,0,0,0,0,0,0,0,0,8,1,1,5,0,0,0,0,1,0,0,0,0,0,0,0,1,1,0,0,0,0,0,0,0
264,0600000US2502300000,"County subdivisions not defined, Plymouth County, Massachusetts",0,0,0,0,0,0,0,0,0,0,0,0,0,0,0,0,0,0,0,0,0,0,0,0,0,0,0,0,0,0,0,0,0,0,0,0,0,0,0,0,0,0,0,0,0,0,0,0,0,0,0,0,0,0,0,0,0,0,0,0,0,0,0,0,0,0,0,0,0,0,0
265,0600000US2502300170,Abington,17062,15892,14152,683,39,428,9,581,1170,1088,117,88,92,11,650,7,7,0,94,3,0,7,3,8,1,73,9,6,0,35,0,0,9,9,4,0,0,0,1,0,0,0,0,0,0,0,9,0,1,4,0,4,0,0,0,0,0,0,0,0,0,0,0,0,0,0,0,0,0,0,0
266,0600000US2502308130,Bridgewater,28633,26814,23636,2054,48,541,7,528,1819,1700,289,163,151,3,815,20,6,0,236,2,0,9,0,3,3,114,25,9,1,59,3,0,6,4,0,0,0,0,5,0,1,0,0,1,0,0,3,0,0,3,0,0,0,0,0,0,0,0,0,0,0,0,1,0,1,0,0,0,0,1,1
267,0600000US2502309000,Brockton,105643,83827,31074,36951,492,2278,29,13003,21816,20821,1473,355,226,24,3470,224,90,42,14648,13,8,91,12,85,60,901,154,26,4,520,12,0,56,11,15,5,4,2,37,0,42,12,0,0,0,1,71,6,4,40,0,3,6,0,1,0,2,0,2,0,7,0,23,13,8,2,0,0,0,0,0
268,0600000US2502311665,Carver,11645,11015,10654,112,27,72,2,148,630,582,57,146,50,0,273,0,1,0,48,0,0,2,1,4,0,47,4,0,0,28,0,0,4,0,5,1,1,0,3,0,0,1,0,0,0,0,0,0,0,0,0,0,0,0,0,0,0,0,0,0,0,0,1,1,0,0,0,0,0,0,0
269,0600000US2502317895,Duxbury,16090,15417,15009,72,21,220,0,95,673,635,49,82,132,3,346,1,2,0,12,3,0,0,0,4,1,31,4,1,1,12,2,1,3,0,3,1,0,0,0,1,2,0,0,0,0,0,6,0,0,6,0,0,0,0,0,0,0,0,0,0,0,0,1,0,1,0,0,0,0,0,0
270,0600000US2502318455,East Bridgewater,14440,13636,12880,397,21,128,3,207,804,746,100,126,68,1,332,5,1,0,101,0,0,3,0,2,7,49,11,1,1,17,0,1,9,6,0,0,0,0,1,0,2,0,0,0,0,0,8,0,0,8,0,0,0,0,0,0,0,0,0,0,0,0,1,1,0,0,0,0,0,0,0
271,0600000US2502327795,Halifax,7749,7448,7230,72,18,33,2,93,301,271,37,63,27,3,118,2,0,0,18,0,0,0,0,3,0,30,0,3,0,15,0,0,6,0,4,1,0,0,0,0,0,1,0,0,0,0,0,0,0,0,0,0,0,0,0,0,0,0,0,0,0,0,0,0,0,0,0,0,0,0,0
272,0600000US2502328285,Hanover,14833,14245,13693,116,6,271,1,158,588,556,36,68,122,0,299,0,1,2,24,0,0,0,1,3,0,31,4,0,0,11,1,0,7,0,7,0,0,0,1,0,0,0,0,0,0,0,1,0,0,0,1,0,0,0,0,0,0,0,0,0,0,0,0,0,0,0,0,0,0,0,0
273,0600000US2502328495,Hanson,10639,10165,9795,90,9,107,0,164,474,446,40,68,34,1,256,3,1,0,35,0,0,1,4,0,3,27,7,1,0,15,0,0,0,4,0,0,0,0,0,0,0,0,0,0,0,0,1,0,1,0,0,0,0,0,0,0,0,0,0,0,0,0,0,0,0,0,0,0,0,0,0
274,0600000US2502330210,Hingham,24284,23237,22350,152,26,550,0,159,1047,1002,84,78,238,6,567,6,4,0,14,0,0,1,2,1,1,41,7,3,0,17,0,0,5,0,2,0,0,0,3,0,4,0,0,0,0,0,4,0,1,3,0,0,0,0,0,0,0,0,0,0,0,0,0,0,0,0,0,0,0,0,0
275,0600000US2502331645,Hull,10072,9608,9312,74,19,107,5,91,464,421,50,88,50,6,203,9,3,1,10,0,0,1,0,0,0,41,9,3,0,20,0,0,6,1,1,0,0,0,1,0,0,0,0,0,0,0,2,0,0,1,0,0,0,0,1,0,0,0,0,0,0,0,0,0,0,0,0,0,0,0,0
276,0600000US2502333220,Kingston,13708,13095,12639,134,10,170,3,139,613,559,67,62,80,0,324,4,0,0,17,0,0,2,3,0,0,53,9,1,0,23,9,0,4,1,1,2,0,0,2,0,0,1,0,0,0,0,0,0,0,0,0,0,0,0,0,0,0,0,0,0,0,0,1,0,1,0,0,0,0,0,0
277,0600000US2502333920,Lakeville,11523,10966,10577,104,17,151,2,115,557,511,51,121,71,8,231,2,1,0,24,0,0,1,0,1,0,45,7,2,2,21,0,0,7,3,2,0,0,0,0,0,1,0,0,0,0,0,1,0,0,0,1,0,0,0,0,0,0,0,0,0,0,0,0,0,0,0,0,0,0,0,0
278,0600000US2502338540,Marion,5347,4903,4598,83,14,73,0,135,444,411,21,29,29,2,230,2,4,0,86,0,0,4,0,3,1,32,3,0,0,23,0,0,3,0,0,2,0,0,0,1,0,0,0,0,0,0,1,0,0,0,0,1,0,0,0,0,0,0,0,0,0,0,0,0,0,0,0,0,0,0,0
279,0600000US2502338855,Marshfield,25825,24867,24164,155,24,213,6,305,958,902,85,115,88,8,547,7,0,0,37,1,0,8,0,3,3,47,6,0,0,13,1,0,4,10,3,6,0,1,0,1,2,0,0,0,0,0,7,2,1,4,0,0,0,0,0,0,0,0,0,0,0,0,2,2,0,0,0,0,0,0,0
280,0600000US2502339450,Mattapoisett,6508,6163,5979,25,17,58,4,80,345,307,36,46,19,0,169,3,0,0,26,0,0,6,0,1,1,34,3,1,0,21,0,0,5,2,2,0,0,0,0,0,0,0,0,0,0,0,4,0,0,3,1,0,0,0,0,0,0,0,0,0,0,0,0,0,0,0,0,0,0,0,0
281,0600000US2502340850,Middleborough,24245,22863,21801,480,51,217,4,310,1382,1257,175,210,127,5,596,9,5,3,120,0,0,3,0,3,1,116,15,4,0,74,1,0,4,7,5,3,0,1,0,0,2,0,0,0,0,0,6,1,0,4,0,1,0,0,0,0,0,0,0,0,0,0,3,3,0,0,0,0,0,0,0
282,0600000US2502350145,Norwell,11351,10881,10429,65,2,270,2,113,470,442,46,50,103,0,216,4,3,1,12,0,1,1,0,5,0,24,6,0,0,1,2,1,2,1,9,0,0,0,1,0,1,0,0,0,0,0,2,0,0,1,0,0,0,0,0,0,0,0,1,0,0,0,2,2,0,0,0,0,0,0,0
283,0600000US2502352630,Pembroke,18361,17578,17076,122,23,177,5,175,783,743,78,140,96,6,384,4,2,0,22,2,0,4,2,3,0,37,5,5,0,10,2,3,5,3,1,0,0,0,3,0,0,0,0,0,0,0,2,0,0,0,1,0,1,0,0,0,0,0,0,0,0,0,1,1,0,0,0,0,0,0,0
284,0600000US2502354310,Plymouth,61217,57710,54544,1139,138,685,5,1199,3507,3217,370,523,294,30,1638,28,10,2,271,4,1,23,7,10,6,258,63,12,1,133,7,1,15,3,9,0,0,0,9,0,5,0,0,0,0,0,28,1,1,20,1,0,4,0,0,0,0,0,0,0,1,0,4,3,1,0,0,0,0,0,0
285,0600000US2502354415,Plympton,2930,2833,2768,21,10,13,2,19,97,89,9,27,9,1,40,2,0,0,1,0,0,0,0,0,0,6,0,1,0,4,0,0,1,0,0,0,0,0,0,0,0,0,0,0,0,0,2,0,0,0,0,1,0,0,0,0,0,0,0,0,1,0,0,0,0,0,0,0,0,0,0
286,0600000US2502357600,Rochester,5717,5453,5315,39,6,31,0,62,264,221,18,41,18,0,100,0,3,0,36,0,0,0,1,4,0,40,6,1,0,27,1,0,1,4,0,0,0,0,0,0,0,0,0,0,0,0,3,0,0,3,0,0,0,0,0,0,0,0,0,0,0,0,0,0,0,0,0,0,0,0,0
287,0600000US2502357775,Rockland,17803,16427,14818,640,27,353,1,588,1376,1282,169,140,58,1,754,7,7,0,133,2,0,9,0,2,0,85,6,4,2,58,1,0,7,1,2,3,0,0,0,0,1,0,0,0,0,0,9,0,0,8,0,1,0,0,0,0,0,0,0,0,0,0,0,0,0,0,0,0,0,0,0
288,0600000US2502360330,Scituate,19063,18280,17878,71,11,127,3,190,783,717,64,113,91,4,336,6,5,1,85,0,0,1,5,1,5,53,5,9,0,15,4,0,10,3,3,2,0,0,1,0,1,0,0,0,0,0,12,4,1,5,1,0,0,0,1,0,0,0,0,0,0,0,1,0,1,0,0,0,0,0,0
289,0600000US2502372985,Wareham,23303,21014,19296,575,112,210,3,818,2289,2008,239,288,98,8,869,37,13,3,418,3,0,22,2,5,3,257,20,7,1,176,1,2,20,2,3,0,0,1,9,0,10,5,0,0,0,0,21,4,0,15,0,0,1,0,0,0,0,0,1,0,0,0,3,1,2,0,0,0,0,0,0
290,0600000US2502375260,West Bridgewater,7707,7213,6739,250,12,84,1,127,494,448,65,34,48,2,204,2,1,0,83,0,0,5,0,2,2,44,1,0,0,35,0,0,1,0,4,0,0,0,1,0,1,0,0,0,0,1,2,0,0,2,0,0,0,0,0,0,0,0,0,0,0,0,0,0,0,0,0,0,0,0,0
291,0600000US2502379530,Whitman,15121,14171,13152,456,18,205,2,338,950,881,89,151,62,6,428,18,5,2,110,0,0,3,1,6,0,65,2,1,0,48,1,0,10,1,0,0,0,0,2,0,0,0,0,0,0,0,4,0,0,4,0,0,0,0,0,0,0,0,0,0,0,0,0,0,0,0,0,0,0,0,0
292,0600000US2502500000,"County subdivisions not defined, Suffolk County, Massachusetts",0,0,0,0,0,0,0,0,0,0,0,0,0,0,0,0,0,0,0,0,0,0,0,0,0,0,0,0,0,0,0,0,0,0,0,0,0,0,0,0,0,0,0,0,0,0,0,0,0,0,0,0,0,0,0,0,0,0,0,0,0,0,0,0,0,0,0,0,0,0,0
293,0600000US2502507000,Boston,675647,604446,318101,138870,2824,76021,356,68274,71201,66655,6541,1701,6599,112,27164,1645,662,161,20402,94,15,613,131,482,333,3909,914,227,9,1573,69,3,411,75,169,13,56,0,187,21,118,34,5,7,0,18,584,70,1,441,10,40,0,11,2,0,5,0,0,0,4,0,53,18,30,5,0,0,0,0,0
294,0600000US2502513205,Chelsea,40787,34299,11183,2996,576,1339,16,18189,6488,6170,347,101,121,3,4634,42,22,7,624,2,0,179,8,56,24,274,43,2,1,72,7,0,110,2,8,5,3,0,11,3,2,4,1,0,0,0,43,2,0,37,0,3,0,0,0,0,1,0,0,0,0,0,1,0,1,0,0,0,0,0,0
295,0600000US2502556585,Revere,62186,52574,30541,3258,425,3483,29,14838,9612,9266,679,213,259,6,7260,34,33,5,515,8,1,176,4,52,21,304,54,13,0,117,1,0,87,1,10,5,1,0,4,0,9,1,0,1,0,0,40,1,0,34,2,2,0,1,0,0,0,0,0,0,0,0,2,0,2,0,0,0,0,0,0
296,0600000US2502581005,Winthrop,19316,17650,15642,442,40,297,8,1221,1666,1591,186,96,105,6,1106,9,1,6,54,2,0,9,3,5,3,69,13,6,0,35,2,0,10,1,0,0,0,0,2,0,0,0,0,0,0,0,6,1,0,5,0,0,0,0,0,0,0,0,0,0,0,0,0,0,0,0,0,0,0,0,0
297,0600000US2502701885,Ashburnham,6315,5962,5786,50,14,55,0,57,353,337,34,83,44,2,165,2,1,0,3,0,0,0,2,0,1,9,4,0,0,4,0,0,0,0,1,0,0,0,0,0,0,0,0,0,0,0,7,0,0,3,0,4,0,0,0,0,0,0,0,0,0,0,0,0,0,0,0,0,0,0,0
298,0600000US2502702480,Athol,11945,11186,10710,135,33,92,4,212,759,715,111,179,45,8,327,1,2,0,30,3,0,3,0,1,5,37,6,3,0,12,1,0,9,1,1,3,0,0,0,0,0,0,0,0,1,0,4,0,1,3,0,0,0,0,0,0,0,0,0,0,0,0,3,3,0,0,0,0,0,0,0
299,0600000US2502702760,Auburn,16889,15851,14642,315,19,555,0,320,1038,966,140,142,93,7,533,12,7,1,28,0,0,2,0,1,0,67,14,1,0,17,2,1,17,1,5,0,0,0,5,1,0,2,0,1,0,0,4,2,0,1,0,0,0,0,1,0,0,0,0,0,0,0,1,1,0,0,0,0,0,0,0
300,0600000US2502703740,Barre,5530,5250,5034,61,11,43,4,97,280,275,28,81,25,6,120,0,2,0,6,0,0,0,3,4,0,5,2,0,0,0,0,0,0,0,1,2,0,0,0,0,0,0,0,0,0,0,0,0,0,0,0,0,0,0,0,0,0,0,0,0,0,0,0,0,0,0,0,0,0,0,0
301,0600000US2502705490,Berlin,3158,2932,2822,18,4,38,3,47,226,222,5,33,33,0,144,3,0,0,2,0,0,0,2,0,0,3,0,1,0,0,0,0,0,0,1,1,0,0,0,0,0,0,0,0,0,0,1,0,0,0,0,1,0,0,0,0,0,0,0,0,0,0,0,0,0,0,0,0,0,0,0
302,0600000US2502706015,Blackstone,9208,8702,8349,94,11,101,1,146,506,471,51,85,69,1,234,8,1,1,18,0,0,0,0,3,0,31,6,2,0,13,0,0,7,1,2,0,0,0,0,0,0,0,0,0,0,0,4,0,0,3,0,0,1,0,0,0,0,0,0,0,0,0,0,0,0,0,0,0,0,0,0
303,0600000US2502706365,Bolton,5665,5286,4939,16,3,269,1,58,379,355,22,24,96,0,198,0,7,0,3,1,0,0,1,3,0,23,7,5,1,5,3,0,1,0,0,0,0,0,1,0,0,0,0,0,0,0,1,0,0,1,0,0,0,0,0,0,0,0,0,0,0,0,0,0,0,0,0,0,0,0,0
304,0600000US2502707525,Boylston,4849,4595,4235,30,8,250,0,72,254,247,13,27,32,7,154,0,4,0,7,0,0,0,3,0,0,7,2,0,0,1,0,0,4,0,0,0,0,0,0,0,0,0,0,0,0,0,0,0,0,0,0,0,0,0,0,0,0,0,0,0,0,0,0,0,0,0,0,0,0,0,0
305,0600000US2502709105,Brookfield,3439,3237,3168,22,7,18,0,22,202,192,25,67,17,0,77,0,0,0,5,0,0,1,0,0,0,8,6,1,0,0,0,0,1,0,0,0,0,0,0,0,0,0,0,0,0,0,2,0,0,1,0,1,0,0,0,0,0,0,0,0,0,0,0,0,0,0,0,0,0,0,0
306,0600000US2502712715,Charlton,13315,12653,12205,133,20,146,3,146,662,640,49,138,73,0,348,6,2,0,7,0,0,6,0,4,7,20,8,0,0,7,1,1,1,0,2,0,0,0,0,0,0,0,0,0,0,0,0,0,0,0,0,0,0,0,0,0,0,0,0,0,0,0,2,2,0,0,0,0,0,0,0
307,0600000US2502714395,Clinton,15428,13498,11359,431,138,248,2,1320,1930,1844,97,131,82,3,1267,8,10,2,124,0,0,31,1,0,88,77,14,4,0,31,4,0,11,4,6,0,0,0,2,0,1,0,0,0,0,0,7,1,0,4,0,1,0,0,0,0,1,0,0,0,0,0,2,1,1,0,0,0,0,0,0
308,0600000US2502717300,Douglas,8983,8519,8252,59,9,84,3,112,464,460,40,119,59,2,224,0,0,0,13,0,0,3,0,0,0,4,2,1,0,0,1,0,0,0,0,0,0,0,0,0,0,0,0,0,0,0,0,0,0,0,0,0,0,0,0,0,0,0,0,0,0,0,0,0,0,0,0,0,0,0,0
309,0600000US2502717685,Dudley,11921,11221,10422,274,26,149,3,347,700,665,64,134,101,1,328,5,2,1,22,0,0,3,1,2,1,32,12,5,1,6,1,0,1,5,0,0,0,0,0,0,0,0,0,1,0,0,2,0,0,1,0,1,0,0,0,0,0,0,0,0,0,0,1,0,0,1,0,0,0,0,0
310,0600000US2502718560,East Brookfield,2224,2120,2037,21,1,35,0,26,104,95,12,26,10,1,42,1,0,0,2,0,0,0,0,1,0,8,1,0,0,1,0,0,5,0,0,0,1,0,0,0,0,0,0,0,0,0,1,0,0,0,0,1,0,0,0,0,0,0,0,0,0,0,0,0,0,0,0,0,0,0,0
311,0600000US2502723875,Fitchburg,41946,36012,25311,3032,256,1531,16,5866,5934,5594,709,402,241,16,3615,49,19,3,413,5,1,46,3,25,47,303,68,23,0,109,12,3,36,9,18,1,5,0,16,0,3,0,0,0,0,0,37,5,0,26,0,3,1,1,0,0,1,0,0,0,0,0,0,0,0,0,0,0,0,0,0
312,0600000US2502725485,Gardner,21287,19446,17317,778,60,401,8,882,1841,1727,277,235,108,11,927,23,6,0,124,4,0,3,1,5,3,96,27,12,0,26,1,0,7,4,7,0,0,0,8,1,3,0,0,0,0,0,17,4,0,12,0,1,0,0,0,0,0,0,0,0,0,0,1,1,0,0,0,0,0,0,0
313,0600000US2502726430,Grafton,19664,18490,15764,382,12,1935,1,396,1174,1107,150,131,155,5,619,6,9,0,15,1,1,3,0,11,1,55,9,4,1,20,2,2,7,2,1,0,1,0,6,0,0,0,0,0,0,0,12,0,0,11,0,0,0,0,1,0,0,0,0,0,0,0,0,0,0,0,0,0,0,0,0
314,0600000US2502728740,Hardwick,2667,2527,2466,17,10,7,1,26,140,132,13,35,12,0,71,0,1,0,0,0,0,0,0,0,0,8,5,0,0,0,0,0,1,0,0,1,1,0,0,0,0,0,0,0,0,0,0,0,0,0,0,0,0,0,0,0,0,0,0,0,0,0,0,0,0,0,0,0,0,0,0
315,0600000US2502728950,Harvard,6851,6493,5545,388,31,451,0,78,358,340,29,21,102,3,177,0,0,2,3,0,0,0,3,0,0,9,3,0,1,2,0,0,0,0,1,0,0,0,2,0,0,0,0,0,0,0,9,4,0,4,0,0,1,0,0,0,0,0,0,0,0,0,0,0,0,0,0,0,0,0,0
316,0600000US2502730560,Holden,19905,18872,17458,417,30,695,2,270,1033,965,97,155,170,9,497,1,5,2,11,0,0,0,5,4,9,64,18,0,2,17,7,0,16,0,3,0,0,0,1,0,0,0,0,0,0,0,3,0,0,2,0,1,0,0,0,0,0,0,0,0,0,0,1,1,0,0,0,0,0,0,0
317,0600000US2502730945,Hopedale,6017,5651,5342,51,13,106,0,139,366,349,47,35,42,5,204,0,0,0,9,0,1,6,0,0,0,17,2,2,0,8,5,0,0,0,0,0,0,0,0,0,0,0,0,0,0,0,0,0,0,0,0,0,0,0,0,0,0,0,0,0,0,0,0,0,0,0,0,0,0,0,0
318,0600000US2502731435,Hubbardston,4328,4103,3997,20,9,29,0,48,225,214,22,34,20,5,118,2,0,0,9,0,0,0,1,3,0,9,0,3,0,0,1,0,4,1,0,0,0,0,0,0,0,0,0,0,0,0,2,0,0,2,0,0,0,0,0,0,0,0,0,0,0,0,0,0,0,0,0,0,0,0,0
319,0600000US2502734165,Lancaster,8441,7518,6510,600,24,158,0,226,923,906,36,61,50,0,640,3,0,0,109,0,0,3,0,0,4,16,0,0,0,10,0,0,2,0,4,0,0,0,0,0,0,0,0,0,0,0,0,0,0,0,0,0,0,0,0,0,0,0,0,0,0,0,1,1,0,0,0,0,0,0,0
320,0600000US2502734795,Leicester,11087,10280,9209,406,31,258,2,374,807,757,82,166,61,0,400,3,3,0,30,0,0,0,0,6,6,41,18,0,0,11,5,0,2,0,4,0,0,0,1,0,0,0,0,0,0,0,9,0,0,9,0,0,0,0,0,0,0,0,0,0,0,0,0,0,0,0,0,0,0,0,0
321,0600000US2502735075,Leominster,43782,38345,29660,3053,141,1391,13,4087,5437,5235,537,305,307,11,3653,29,24,0,296,4,0,24,5,25,15,178,40,7,0,60,17,1,28,1,11,4,0,0,8,0,1,0,0,0,0,0,24,2,0,18,1,3,0,0,0,0,0,0,0,0,0,0,0,0,0,0,0,0,0,0,0
322,0600000US2502737420,Lunenburg,11782,10935,10244,209,13,212,6,251,847,807,93,145,131,3,374,8,7,3,31,2,0,7,0,1,2,38,6,6,0,7,3,0,7,0,3,1,1,0,1,0,3,0,0,0,0,0,2,0,0,1,0,1,0,0,0,0,0,0,0,0,0,0,0,0,0,0,0,0,0,0,0
323,0600000US2502740255,Mendon,6228,5940,5692,42,13,105,0,88,288,277,23,45,27,0,179,0,0,0,1,0,0,0,1,0,1,7,2,0,0,0,0,0,1,3,0,1,0,0,0,0,0,0,0,0,0,0,4,1,0,3,0,0,0,0,0,0,0,0,0,0,0,0,0,0,0,0,0,0,0,0,0
324,0600000US2502741165,Milford,30379,26080,20587,748,199,687,1,3858,4299,4183,198,158,144,5,3316,8,9,1,245,0,1,64,3,13,18,105,15,5,0,43,6,0,14,1,15,3,0,0,2,1,0,0,0,0,0,0,9,1,0,8,0,0,0,0,0,0,0,0,0,0,0,0,2,2,0,0,0,0,0,0,0
325,0600000US2502741340,Millbury,13831,13000,11939,364,20,447,5,225,831,773,91,142,99,3,425,2,2,0,5,0,0,1,0,1,2,53,13,2,0,15,2,0,11,3,7,0,0,0,0,0,0,0,0,0,0,0,5,3,0,1,0,0,0,0,1,0,0,0,0,0,0,0,0,0,0,0,0,0,0,0,0
326,0600000US2502741585,Millville,3174,3036,2949,27,0,26,0,34,138,129,17,30,13,2,65,0,0,0,0,0,0,0,0,0,2,8,0,0,0,5,2,0,1,0,0,0,0,0,0,0,0,0,0,0,0,0,1,0,0,1,0,0,0,0,0,0,0,0,0,0,0,0,0,0,0,0,0,0,0,0,0
327,0600000US2502745105,New Braintree,996,960,943,4,1,4,0,8,36,34,5,11,0,0,18,0,0,0,0,0,0,0,0,0,0,1,0,0,1,0,0,0,0,0,0,0,0,0,0,0,0,0,0,0,0,0,1,1,0,0,0,0,0,0,0,0,0,0,0,0,0,0,0,0,0,0,0,0,0,0,0
328,0600000US2502746820,Northborough,15741,14563,12074,228,26,1866,4,365,1178,1123,98,106,226,3,635,3,0,0,24,0,0,16,0,10,2,49,17,1,0,17,2,1,2,4,4,0,0,0,1,0,0,0,0,0,0,0,6,1,0,3,0,1,1,0,0,0,0,0,0,0,0,0,0,0,0,0,0,0,0,0,0
329,0600000US2502746925,Northbridge,16335,15298,14499,210,15,209,3,362,1037,995,150,162,77,7,568,3,1,0,16,1,0,4,2,4,0,38,9,4,0,15,0,0,3,4,2,0,0,0,1,0,0,0,0,0,0,0,4,0,0,4,0,0,0,0,0,0,0,0,0,0,0,0,0,0,0,0,0,0,0,0,0
330,0600000US2502747135,North Brookfield,4735,4467,4334,32,16,30,0,55,268,262,40,79,25,2,108,1,1,0,2,0,0,2,0,0,2,6,0,0,0,3,0,0,2,0,0,0,0,0,1,0,0,0,0,0,0,0,0,0,0,0,0,0,0,0,0,0,0,0,0,0,0,0,0,0,0,0,0,0,0,0,0
331,0600000US2502750670,Oakham,1851,1748,1695,22,4,16,1,10,103,101,15,14,10,0,53,0,0,0,6,0,0,0,0,3,0,1,1,0,0,0,0,0,0,0,0,0,0,0,0,0,0,0,0,0,0,0,1,0,0,0,0,1,0,0,0,0,0,0,0,0,0,0,0,0,0,0,0,0,0,0,0
332,0600000US2502751825,Oxford,13347,12541,11844,214,29,151,3,300,806,770,89,178,53,0,413,12,2,0,21,0,0,0,1,1,0,31,10,0,0,3,3,0,2,0,3,1,0,0,9,0,0,0,0,0,0,0,5,1,0,3,0,1,0,0,0,0,0,0,0,0,0,0,0,0,0,0,0,0,0,0,0
333,0600000US2502752420,Paxton,5004,4719,4290,190,11,73,1,154,285,270,22,38,30,3,161,1,0,0,10,0,2,1,0,2,0,15,6,0,0,1,0,0,6,1,1,0,0,0,0,0,0,0,0,0,0,0,0,0,0,0,0,0,0,0,0,0,0,0,0,0,0,0,0,0,0,0,0,0,0,0,0
334,0600000US2502753120,Petersham,1194,1144,1102,4,1,6,0,31,50,45,3,11,7,0,24,0,0,0,0,0,0,0,0,0,0,4,2,0,2,0,0,0,0,0,0,0,0,0,0,0,0,0,0,0,0,0,1,0,0,0,0,0,0,0,0,0,1,0,0,0,0,0,0,0,0,0,0,0,0,0,0
335,0600000US2502753225,Phillipston,1726,1650,1602,5,2,4,0,37,76,72,10,20,5,0,32,0,3,0,0,0,0,0,0,2,0,4,0,0,0,3,1,0,0,0,0,0,0,0,0,0,0,0,0,0,0,0,0,0,0,0,0,0,0,0,0,0,0,0,0,0,0,0,0,0,0,0,0,0,0,0,0
336,0600000US2502755395,Princeton,3495,3304,3218,32,5,39,0,10,191,188,20,40,25,0,95,0,2,1,2,0,1,1,1,0,0,2,0,2,0,0,0,0,0,0,0,0,0,0,0,0,0,0,0,0,0,0,1,1,0,0,0,0,0,0,0,0,0,0,0,0,0,0,0,0,0,0,0,0,0,0,0
337,0600000US2502758580,Royalston,1250,1203,1189,2,1,8,0,3,47,43,1,16,7,2,16,0,0,0,0,0,0,1,0,0,0,3,0,1,0,2,0,0,0,0,0,0,0,0,0,0,0,0,0,0,0,0,1,0,0,1,0,0,0,0,0,0,0,0,0,0,0,0,0,0,0,0,0,0,0,0,0
338,0600000US2502758825,Rutland,9049,8561,8099,145,15,158,5,139,488,477,42,83,55,1,269,1,4,2,11,3,0,3,3,0,0,9,2,1,0,5,0,0,1,0,0,0,0,0,0,0,0,0,0,0,0,0,2,0,0,1,0,1,0,0,0,0,0,0,0,0,0,0,0,0,0,0,0,0,0,0,0
339,0600000US2502761800,Shrewsbury,38325,35825,24559,942,53,9434,6,831,2500,2410,189,169,429,4,1488,18,12,1,61,13,0,8,4,9,5,79,19,6,2,15,5,0,11,6,6,2,0,0,3,1,0,2,0,1,0,0,11,2,0,6,0,0,0,0,1,0,0,0,2,0,0,0,0,0,0,0,0,0,0,0,0
340,0600000US2502763165,Southborough,10450,9791,7960,110,4,1520,8,189,659,630,47,29,165,1,354,0,7,0,14,0,0,4,5,2,2,25,10,5,0,5,1,0,1,0,3,0,0,0,0,0,0,0,0,0,0,0,4,0,0,3,0,1,0,0,0,0,0,0,0,0,0,0,0,0,0,0,0,0,0,0,0
341,0600000US2502763345,Southbridge,17740,15188,11379,500,103,325,8,2873,2552,2422,148,168,73,5,1851,7,5,5,125,0,0,17,3,12,3,107,14,1,0,55,6,0,20,3,4,3,0,0,0,0,1,0,0,0,0,0,23,1,0,20,1,1,0,0,0,0,0,0,0,0,0,0,0,0,0,0,0,0,0,0,0
342,0600000US2502766105,Spencer,11992,11191,10428,272,30,92,10,359,801,760,80,151,58,3,397,15,3,3,28,0,0,14,3,0,5,36,5,0,0,12,3,0,13,0,3,0,0,0,0,0,0,0,0,0,0,0,5,1,0,3,0,0,1,0,0,0,0,0,0,0,0,0,0,0,0,0,0,0,0,0,0
343,0600000US2502767385,Sterling,7985,7582,7307,80,7,73,3,112,403,392,43,72,43,4,220,0,2,0,2,0,0,4,0,2,0,8,3,0,0,2,0,0,0,0,3,0,0,0,0,0,0,0,0,0,0,0,3,0,0,1,1,0,0,0,0,0,0,0,1,0,0,0,0,0,0,0,0,0,0,0,0
344,0600000US2502768155,Sturbridge,9867,9278,8750,140,17,202,13,156,589,555,57,106,89,3,270,7,2,0,13,1,0,2,0,4,1,33,14,2,0,7,0,0,7,2,1,0,0,0,0,0,0,0,0,0,0,0,1,0,0,1,0,0,0,0,0,0,0,0,0,0,0,0,0,0,0,0,0,0,0,0,0
345,0600000US2502768610,Sutton,9357,8883,8610,84,8,100,2,79,474,457,49,90,50,8,238,1,0,0,12,0,0,3,1,4,1,15,5,1,0,8,0,0,0,0,0,0,0,0,1,0,0,0,0,0,0,0,1,1,0,0,0,0,0,0,0,0,0,0,0,0,0,0,1,0,0,1,0,0,0,0,0
346,0600000US2502769275,Templeton,8149,7745,7474,107,6,45,6,107,404,391,42,127,26,0,176,1,3,0,7,0,1,4,0,1,3,12,0,0,0,3,0,0,3,2,3,0,0,0,1,0,0,0,0,0,0,0,1,0,0,0,0,0,1,0,0,0,0,0,0,0,0,0,0,0,0,0,0,0,0,0,0
347,0600000US2502771480,Upton,8000,7517,6996,64,1,339,5,112,483,460,29,78,62,2,266,0,8,0,12,0,0,2,0,0,1,22,2,0,1,12,4,0,1,2,0,0,0,0,0,0,0,0,0,0,0,0,1,0,0,1,0,0,0,0,0,0,0,0,0,0,0,0,0,0,0,0,0,0,0,0,0
348,0600000US2502771620,Uxbridge,14162,13399,12875,115,29,169,5,206,763,714,70,139,84,0,396,3,5,0,11,0,0,0,3,2,1,44,5,8,2,15,3,0,10,0,0,0,1,0,0,0,0,0,0,0,0,0,5,0,0,2,0,3,0,0,0,0,0,0,0,0,0,0,0,0,0,0,0,0,0,0,0
349,0600000US2502773090,Warren,4975,4709,4558,33,5,27,0,86,266,250,41,88,19,0,89,0,3,1,6,0,0,0,2,1,0,12,10,1,0,0,0,0,0,1,0,0,0,0,0,0,0,0,0,0,0,0,4,0,0,4,0,0,0,0,0,0,0,0,0,0,0,0,0,0,0,0,0,0,0,0,0
350,0600000US2502773895,Webster,17776,16365,14134,781,62,325,4,1059,1411,1324,198,219,47,5,752,11,3,0,75,3,0,2,1,8,0,81,24,2,0,34,3,0,13,1,3,1,0,0,0,0,0,0,0,0,0,0,5,1,1,2,0,1,0,0,0,0,0,0,0,0,0,0,1,1,0,0,0,0,0,0,0
351,0600000US2502775015,Westborough,21567,20015,13183,472,43,5589,0,728,1552,1463,102,91,231,0,937,15,7,0,58,0,1,15,1,1,4,82,13,5,0,28,0,0,17,2,7,5,1,0,2,0,1,1,0,0,0,0,6,0,0,4,0,2,0,0,0,0,0,0,0,0,0,0,1,1,0,0,0,0,0,0,0
352,0600000US2502775155,West Boylston,7877,7459,6826,293,9,149,1,181,418,402,38,72,47,8,202,2,3,0,17,1,1,0,4,6,1,12,1,0,0,4,0,0,5,0,0,1,0,0,1,0,0,0,0,0,0,0,4,0,0,4,0,0,0,0,0,0,0,0,0,0,0,0,0,0,0,0,0,0,0,0,0
353,0600000US2502775400,West Brookfield,3833,3606,3519,27,1,25,0,34,227,214,21,44,16,0,125,2,0,0,6,0,0,0,0,0,0,13,1,1,0,5,5,0,0,0,0,0,0,0,1,0,0,0,0,0,0,0,0,0,0,0,0,0,0,0,0,0,0,0,0,0,0,0,0,0,0,0,0,0,0,0,0
354,0600000US2502777010,Westminster,8213,7822,7487,93,12,94,0,136,391,378,53,74,61,3,182,1,1,0,1,0,0,2,0,0,0,12,4,0,0,7,0,0,0,0,0,0,0,0,1,0,0,0,0,0,0,0,0,0,0,0,0,0,0,0,0,0,0,0,0,0,0,0,1,1,0,0,0,0,0,0,0
355,0600000US2502780405,Winchendon,10364,9678,9198,143,11,139,2,185,686,640,75,185,52,3,281,3,3,1,19,1,0,7,3,2,5,43,13,3,0,12,5,0,2,5,2,0,0,0,1,0,0,0,0,0,0,0,2,0,0,2,0,0,0,0,0,0,0,0,0,0,0,0,1,1,0,0,0,0,0,0,0
356,0600000US2502782000,Worcester,206518,183097,110158,30485,1019,14688,81,26666,23421,21929,2517,1282,1226,69,13608,372,133,17,2208,24,8,230,23,107,105,1287,403,50,2,515,40,8,138,25,47,9,1,1,31,4,6,0,3,0,3,1,195,20,2,157,4,3,0,1,2,0,6,0,0,0,0,0,10,4,3,3,0,0,0,0,0
