,City,Health Amount,Health Projects,Housing Amount,Housing Projects,Food Amount,Food Projects,Arts Amount,Arts Projects,Construction Amount,Construction Projects,Economic Amount,Economic Projects,Education Amount,Education Projects,Environment Amount,Environment Projects,Essential Services Amount,Essential Services Projects,Equality Amount,Equality Projects,Events Amount,Events Projects,Historical Amount,Historical Projects,Human Services Amount,Human Services Projects,Mental Health Amount,Mental Health Projects,Occupational Amount,Occupational Projects,Recreation Amount,Recreation Projects,Rehabilitation Amount,Rehabilitation Projects,Religious Amount,Religious Projects,Transport Amount,Transport Projects,Technology Amount,Technology Projects,Youth Programs Amount,Youth Programs Projects,Accessibility Amount,Accessibility Projects,Maintenance Amount,Maintenance Projects,Research Amount,Research Projects
0,Barnstable,160000,2,2500000,5,0,0,400000,1,400000,1,970000,6,1310000,5,50000,1,60000,1,110000,2,0,0,460000,2,655000,3,0,0,805000,4,220000,3,0,0,0,0,670000,5,1060000,4,120000,2,0,0,220000,3,850000,3
1,Bourne,0,0,0,0,0,0,0,0,0,0,100000,1,0,0,0,0,140000,2,0,0,0,0,0,0,0,0,0,0,0,0,0,0,0,0,0,0,0,0,0,0,0,0,0,0,240000,3,0,0
2,Brewster,0,0,0,0,0,0,0,0,0,0,0,0,0,0,0,0,0,0,0,0,0,0,0,0,0,0,0,0,0,0,0,0,0,0,0,0,0,0,0,0,0,0,0,0,0,0,0,0
3,Chatham,0,0,0,0,0,0,0,0,0,0,0,0,0,0,0,0,0,0,0,0,0,0,0,0,0,0,0,0,0,0,0,0,0,0,0,0,0,0,0,0,0,0,0,0,0,0,0,0
4,Dennis,0,0,0,0,0,0,0,0,0,0,0,0,0,0,0,0,0,0,0,0,0,0,0,0,0,0,0,0,0,0,0,0,0,0,0,0,0,0,0,0,0,0,0,0,0,0,0,0
5,Eastham,0,0,0,0,0,0,0,0,0,0,0,0,0,0,0,0,0,0,0,0,0,0,0,0,0,0,0,0,0,0,0,0,0,0,0,0,0,0,0,0,0,0,0,0,0,0,0,0
6,Falmouth,0,0,0,0,50000,1,0,0,0,0,0,0,0,0,250000,1,0,0,0,0,0,0,0,0,0,0,0,0,0,0,0,0,0,0,0,0,0,0,0,0,0,0,0,0,250000,1,0,0
7,Harwich,0,0,0,0,0,0,0,0,0,0,0,0,0,0,0,0,0,0,0,0,0,0,0,0,0,0,0,0,0,0,0,0,0,0,0,0,0,0,0,0,0,0,0,0,0,0,0,0
8,Mashpee,0,0,0,0,0,0,0,0,0,0,0,0,0,0,0,0,0,0,0,0,0,0,0,0,0,0,0,0,0,0,0,0,20000,1,0,0,0,0,0,0,0,0,0,0,0,0,0,0
9,Orleans,0,0,2000000,1,0,0,0,0,2000000,1,0,0,0,0,0,0,0,0,0,0,0,0,0,0,0,0,0,0,0,0,0,0,0,0,0,0,0,0,0,0,0,0,0,0,0,0,2000000,1
10,Provincetown,500000,1,0,0,0,0,0,0,0,0,0,0,0,0,0,0,0,0,0,0,0,0,0,0,0,0,0,0,0,0,0,0,500000,1,0,0,0,0,0,0,0,0,0,0,0,0,0,0
11,Sandwich,10000,1,0,0,0,0,0,0,0,0,0,0,115000,1,50000,1,20000,2,0,0,0,0,0,0,0,0,0,0,0,0,0,0,0,0,0,0,0,0,0,0,0,0,0,0,115000,1,50000,1
12,Truro,0,0,0,0,0,0,0,0,0,0,0,0,0,0,0,0,0,0,0,0,0,0,0,0,0,0,0,0,0,0,0,0,0,0,0,0,0,0,0,0,0,0,0,0,0,0,0,0
13,Wellfleet,0,0,0,0,0,0,0,0,0,0,0,0,0,0,0,0,0,0,0,0,0,0,0,0,0,0,0,0,0,0,0,0,0,0,0,0,0,0,0,0,0,0,0,0,0,0,0,0
14,Yarmouth,60000,1,0,0,0,0,0,0,0,0,0,0,0,0,0,0,60000,1,0,0,0,0,0,0,0,0,0,0,0,0,0,0,0,0,0,0,0,0,0,0,0,0,0,0,0,0,0,0
15,Adams,0,0,0,0,0,0,0,0,0,0,0,0,0,0,0,0,0,0,0,0,0,0,0,0,0,0,0,0,0,0,0,0,0,0,0,0,230000,1,230000,1,0,0,0,0,230000,1,0,0
16,Alford,0,0,0,0,0,0,0,0,0,0,0,0,0,0,0,0,0,0,0,0,0,0,0,0,0,0,0,0,0,0,0,0,0,0,0,0,0,0,0,0,0,0,0,0,0,0,0,0
17,Becket,0,0,0,0,0,0,0,0,0,0,0,0,0,0,0,0,0,0,0,0,0,0,0,0,0,0,0,0,0,0,0,0,0,0,0,0,0,0,0,0,0,0,0,0,0,0,0,0
18,Cheshire,0,0,0,0,0,0,0,0,0,0,0,0,0,0,0,0,0,0,0,0,0,0,0,0,0,0,0,0,0,0,0,0,0,0,0,0,0,0,0,0,0,0,0,0,0,0,0,0
19,Clarksburg,0,0,0,0,0,0,0,0,0,0,0,0,0,0,0,0,0,0,0,0,0,0,0,0,0,0,0,0,0,0,0,0,0,0,0,0,0,0,0,0,0,0,0,0,0,0,0,0
20,Dalton,0,0,0,0,0,0,0,0,0,0,0,0,0,0,0,0,0,0,0,0,0,0,0,0,0,0,0,0,0,0,0,0,0,0,0,0,0,0,0,0,0,0,0,0,0,0,0,0
21,Egremont,0,0,0,0,0,0,0,0,0,0,0,0,0,0,0,0,0,0,0,0,0,0,0,0,0,0,0,0,0,0,0,0,0,0,0,0,0,0,0,0,0,0,0,0,0,0,0,0
22,Florida,0,0,0,0,0,0,0,0,0,0,0,0,0,0,0,0,0,0,0,0,0,0,0,0,0,0,0,0,0,0,0,0,0,0,0,0,0,0,0,0,0,0,0,0,0,0,0,0
23,Great Barrington,0,0,100000,1,0,0,0,0,0,0,0,0,0,0,50000,1,0,0,0,0,0,0,0,0,0,0,0,0,0,0,0,0,0,0,0,0,0,0,0,0,0,0,0,0,0,0,50000,1
24,Hancock,0,0,0,0,0,0,0,0,0,0,0,0,250000,1,0,0,0,0,0,0,0,0,0,0,0,0,0,0,0,0,0,0,0,0,0,0,0,0,0,0,0,0,0,0,0,0,0,0
25,Hinsdale,0,0,0,0,0,0,0,0,0,0,0,0,0,0,0,0,0,0,0,0,0,0,0,0,0,0,0,0,0,0,0,0,0,0,0,0,0,0,0,0,0,0,0,0,0,0,0,0
26,Lanesborough,0,0,0,0,0,0,0,0,0,0,0,0,0,0,0,0,0,0,0,0,0,0,0,0,0,0,0,0,0,0,0,0,0,0,0,0,0,0,0,0,0,0,0,0,0,0,0,0
27,Lee,0,0,0,0,0,0,0,0,0,0,0,0,0,0,0,0,0,0,0,0,0,0,0,0,0,0,0,0,0,0,0,0,0,0,0,0,0,0,0,0,0,0,0,0,0,0,0,0
28,Lenox,0,0,0,0,0,0,200000,1,0,0,0,0,0,0,0,0,0,0,0,0,0,0,0,0,200000,1,0,0,0,0,200000,1,0,0,0,0,0,0,0,0,0,0,0,0,200000,1,0,0
29,Monterey,0,0,0,0,0,0,0,0,0,0,0,0,0,0,0,0,0,0,0,0,0,0,0,0,0,0,0,0,0,0,0,0,0,0,0,0,0,0,0,0,0,0,0,0,0,0,0,0
30,Mount Washington,0,0,0,0,0,0,0,0,0,0,0,0,0,0,0,0,0,0,0,0,0,0,0,0,0,0,0,0,0,0,0,0,0,0,0,0,0,0,0,0,0,0,0,0,0,0,0,0
31,New Ashford,0,0,0,0,0,0,0,0,0,0,0,0,0,0,0,0,0,0,0,0,0,0,0,0,0,0,0,0,0,0,0,0,0,0,0,0,0,0,0,0,0,0,0,0,0,0,0,0
32,New Marlborough,0,0,0,0,0,0,0,0,0,0,0,0,0,0,0,0,0,0,0,0,0,0,0,0,0,0,0,0,0,0,0,0,0,0,0,0,0,0,0,0,0,0,0,0,0,0,0,0
33,North Adams,75000,1,75000,1,0,0,0,0,0,0,0,0,50000,1,0,0,0,0,0,0,0,0,0,0,0,0,0,0,50000,1,85000,2,0,0,0,0,50000,1,50000,1,0,0,0,0,120000,3,0,0
34,Otis,0,0,0,0,0,0,0,0,0,0,0,0,0,0,0,0,0,0,0,0,0,0,0,0,0,0,0,0,0,0,0,0,0,0,0,0,0,0,0,0,0,0,0,0,0,0,0,0
35,Peru,0,0,0,0,0,0,0,0,0,0,0,0,0,0,0,0,0,0,0,0,0,0,0,0,0,0,0,0,0,0,0,0,0,0,0,0,0,0,0,0,0,0,0,0,0,0,0,0
36,Pittsfield,0,0,550000,3,0,0,0,0,0,0,100000,1,200000,1,0,0,0,0,100000,1,0,0,0,0,0,0,0,0,0,0,200000,1,0,0,0,0,0,0,300000,2,0,0,0,0,200000,1,750000,4
37,Richmond,0,0,0,0,0,0,0,0,0,0,0,0,0,0,0,0,0,0,0,0,0,0,0,0,0,0,0,0,0,0,0,0,0,0,0,0,0,0,0,0,0,0,0,0,0,0,0,0
38,Sandisfield,0,0,0,0,0,0,0,0,0,0,0,0,0,0,0,0,0,0,0,0,0,0,0,0,0,0,0,0,0,0,0,0,0,0,0,0,0,0,0,0,0,0,0,0,0,0,0,0
39,Savoy,0,0,0,0,0,0,0,0,0,0,0,0,0,0,0,0,0,0,0,0,0,0,0,0,0,0,0,0,0,0,0,0,0,0,0,0,0,0,0,0,0,0,0,0,0,0,0,0
40,Sheffield,0,0,0,0,0,0,0,0,75000,1,0,0,0,0,0,0,0,0,0,0,0,0,0,0,0,0,0,0,0,0,0,0,0,0,0,0,0,0,0,0,0,0,0,0,0,0,0,0
41,Stockbridge,0,0,0,0,0,0,0,0,0,0,0,0,0,0,0,0,0,0,0,0,0,0,0,0,0,0,0,0,0,0,0,0,0,0,0,0,0,0,0,0,0,0,0,0,0,0,0,0
42,Tyringham,0,0,0,0,0,0,0,0,0,0,0,0,0,0,0,0,0,0,0,0,0,0,0,0,0,0,0,0,0,0,0,0,0,0,0,0,0,0,0,0,0,0,0,0,0,0,0,0
43,Washington,0,0,0,0,0,0,0,0,0,0,0,0,0,0,0,0,0,0,0,0,0,0,0,0,0,0,0,0,0,0,0,0,0,0,0,0,0,0,0,0,0,0,0,0,0,0,0,0
44,West Stockbridge,0,0,0,0,0,0,0,0,0,0,0,0,0,0,0,0,0,0,0,0,0,0,0,0,0,0,0,0,0,0,0,0,0,0,0,0,0,0,0,0,0,0,0,0,0,0,0,0
45,Williamstown,0,0,0,0,0,0,0,0,0,0,0,0,0,0,0,0,0,0,0,0,0,0,0,0,0,0,0,0,0,0,0,0,0,0,0,0,0,0,0,0,0,0,0,0,0,0,0,0
46,Windsor,0,0,0,0,0,0,0,0,0,0,0,0,0,0,0,0,0,0,0,0,0,0,0,0,0,0,0,0,0,0,0,0,0,0,0,0,0,0,0,0,0,0,0,0,0,0,0,0
47,Acushnet,0,0,75000,1,0,0,0,0,0,0,0,0,0,0,75000,1,0,0,0,0,0,0,0,0,0,0,0,0,0,0,0,0,0,0,0,0,0,0,75000,1,0,0,0,0,75000,1,75000,1
48,Attleboro,0,0,0,0,0,0,0,0,0,0,0,0,0,0,0,0,0,0,0,0,0,0,0,0,300000,1,0,0,0,0,0,0,0,0,0,0,0,0,0,0,0,0,0,0,0,0,0,0
49,Berkley,0,0,0,0,0,0,0,0,0,0,0,0,0,0,0,0,0,0,0,0,0,0,0,0,0,0,0,0,0,0,0,0,0,0,0,0,0,0,0,0,0,0,0,0,0,0,0,0
50,Dartmouth,0,0,0,0,0,0,0,0,0,0,0,0,0,0,0,0,0,0,0,0,0,0,0,0,0,0,0,0,0,0,150000,1,0,0,0,0,150000,1,0,0,0,0,0,0,150000,1,0,0
51,Dighton,0,0,0,0,0,0,0,0,0,0,0,0,0,0,0,0,0,0,0,0,0,0,0,0,0,0,0,0,0,0,0,0,0,0,0,0,0,0,0,0,0,0,0,0,0,0,0,0
52,Easton,0,0,22000,1,0,0,0,0,0,0,0,0,100000,1,2000000,1,0,0,0,0,0,0,0,0,0,0,0,0,0,0,0,0,0,0,0,0,0,0,22000,1,0,0,0,0,22000,1,2000000,1
53,Fairhaven,0,0,0,0,0,0,0,0,0,0,0,0,0,0,0,0,0,0,0,0,0,0,0,0,0,0,0,0,0,0,0,0,0,0,0,0,0,0,0,0,0,0,0,0,0,0,0,0
54,Fall River,0,0,0,0,0,0,75000,1,0,0,0,0,50000,1,0,0,0,0,75000,1,0,0,0,0,0,0,0,0,0,0,210000,1,0,0,0,0,0,0,0,0,0,0,0,0,50000,1,75000,1
55,Freetown,0,0,0,0,50000,1,0,0,0,0,0,0,0,0,0,0,0,0,0,0,0,0,0,0,0,0,0,0,0,0,0,0,0,0,0,0,0,0,0,0,0,0,0,0,0,0,0,0
56,Mansfield,0,0,0,0,100000,1,0,0,0,0,0,0,0,0,0,0,0,0,0,0,0,0,0,0,100000,1,0,0,0,0,0,0,0,0,0,0,0,0,0,0,50000,1,0,0,50000,1,100000,1
57,New Bedford,500000,2,0,0,0,0,400000,3,0,0,1000000,1,0,0,0,0,0,0,450000,2,0,0,100000,2,1250000,2,0,0,0,0,0,0,0,0,0,0,0,0,0,0,1000000,1,0,0,500000,1,0,0
58,North Attleborough,0,0,0,0,100000,1,0,0,0,0,0,0,200000,2,0,0,0,0,0,0,0,0,0,0,50000,1,0,0,0,0,0,0,0,0,0,0,0,0,0,0,0,0,0,0,0,0,0,0
59,Norton,0,0,0,0,0,0,0,0,0,0,0,0,0,0,0,0,0,0,0,0,0,0,0,0,0,0,0,0,0,0,0,0,0,0,0,0,0,0,0,0,0,0,0,0,0,0,0,0
60,Raynham,0,0,0,0,0,0,0,0,100000,1,0,0,0,0,100000,1,0,0,0,0,0,0,0,0,150000,2,0,0,0,0,100000,1,0,0,0,0,0,0,0,0,0,0,0,0,50000,1,0,0
61,Rehoboth,0,0,0,0,0,0,0,0,0,0,0,0,0,0,0,0,0,0,0,0,0,0,0,0,0,0,0,0,0,0,0,0,0,0,0,0,0,0,0,0,0,0,0,0,0,0,0,0
62,Seekonk,0,0,0,0,0,0,0,0,0,0,0,0,0,0,50000,1,0,0,0,0,0,0,0,0,0,0,0,0,50000,1,50000,1,0,0,0,0,0,0,0,0,0,0,0,0,0,0,0,0
63,Somerset,0,0,0,0,0,0,0,0,0,0,0,0,0,0,385000,3,0,0,0,0,0,0,0,0,0,0,0,0,0,0,50000,1,0,0,0,0,0,0,0,0,0,0,0,0,0,0,335000,2
64,Swansea,0,0,0,0,0,0,0,0,0,0,0,0,0,0,0,0,0,0,0,0,0,0,0,0,0,0,0,0,0,0,0,0,0,0,0,0,0,0,0,0,0,0,0,0,0,0,0,0
65,Taunton,125000,1,1125000,2,40000,1,56000,1,0,0,0,0,0,0,0,0,0,0,0,0,0,0,0,0,0,0,0,0,0,0,0,0,0,0,0,0,0,0,0,0,5000,1,0,0,1000000,1,1000000,1
66,Westport,0,0,0,0,0,0,0,0,1000000,1,0,0,150000,1,1000000,1,0,0,0,0,0,0,0,0,1000000,1,0,0,0,0,0,0,0,0,0,0,1000000,1,0,0,0,0,0,0,1050000,2,1050000,2
67,Aquinnah,0,0,0,0,0,0,0,0,0,0,0,0,0,0,0,0,0,0,0,0,0,0,0,0,0,0,0,0,0,0,0,0,0,0,0,0,0,0,0,0,0,0,0,0,0,0,0,0
68,Chilmark,0,0,0,0,0,0,0,0,0,0,0,0,0,0,0,0,0,0,0,0,0,0,0,0,0,0,0,0,0,0,0,0,0,0,0,0,0,0,0,0,0,0,0,0,0,0,0,0
69,Edgartown,0,0,0,0,0,0,0,0,0,0,0,0,0,0,100000,1,0,0,0,0,0,0,0,0,0,0,0,0,0,0,0,0,0,0,0,0,0,0,0,0,0,0,0,0,100000,1,0,0
70,Gosnold,0,0,0,0,0,0,0,0,0,0,0,0,0,0,0,0,0,0,0,0,0,0,0,0,0,0,0,0,0,0,0,0,0,0,0,0,0,0,0,0,0,0,0,0,0,0,0,0
71,Oak Bluffs,0,0,0,0,0,0,0,0,0,0,0,0,0,0,0,0,0,0,0,0,0,0,0,0,0,0,0,0,0,0,0,0,0,0,0,0,0,0,0,0,0,0,0,0,0,0,0,0
72,Tisbury,0,0,300000,1,0,0,0,0,0,0,0,0,0,0,0,0,0,0,300000,1,0,0,0,0,0,0,0,0,0,0,0,0,0,0,0,0,0,0,0,0,0,0,0,0,0,0,0,0
73,West Tisbury,0,0,0,0,0,0,0,0,0,0,0,0,0,0,0,0,0,0,0,0,0,0,0,0,0,0,0,0,0,0,0,0,0,0,0,0,0,0,0,0,0,0,0,0,0,0,0,0
74,Amesbury,50000,1,50000,1,100000,2,0,0,50000,1,70000,2,0,0,0,0,0,0,0,0,0,0,175000,4,50000,1,0,0,0,0,25000,1,50000,1,0,0,145000,3,0,0,50000,1,0,0,100000,2,50000,1
75,Andover,100000,1,0,0,0,0,0,0,100000,1,0,0,0,0,0,0,0,0,100000,1,0,0,0,0,0,0,0,0,200000,2,100000,1,0,0,0,0,200000,1,0,0,10000000,1,0,0,200000,1,0,0
76,Beverly,0,0,50000,1,50000,1,0,0,200000,1,10000,1,0,0,0,0,0,0,0,0,0,0,0,0,50000,1,0,0,0,0,210000,2,0,0,0,0,10000,1,0,0,200000,1,0,0,200000,1,0,0
77,Boxford,0,0,0,0,0,0,0,0,0,0,0,0,0,0,0,0,0,0,0,0,0,0,0,0,30000,1,0,0,0,0,30000,1,0,0,0,0,0,0,0,0,0,0,0,0,0,0,0,0
78,Danvers,0,0,0,0,0,0,0,0,0,0,0,0,0,0,125000,1,0,0,0,0,0,0,0,0,0,0,0,0,0,0,125000,1,0,0,0,0,0,0,0,0,0,0,0,0,125000,1,150000,1
79,Essex,0,0,0,0,0,0,0,0,30000,1,0,0,0,0,30000,1,0,0,0,0,0,0,0,0,0,0,0,0,0,0,0,0,0,0,0,0,0,0,0,0,0,0,0,0,0,0,30000,1
80,Georgetown,0,0,0,0,0,0,0,0,0,0,0,0,0,0,0,0,0,0,0,0,0,0,0,0,25000,1,0,0,0,0,0,0,0,0,0,0,0,0,0,0,25000,1,0,0,0,0,0,0
81,Gloucester,0,0,0,0,650000,2,0,0,176000,1,350000,2,500000,1,676000,2,0,0,0,0,175000,1,0,0,500000,1,0,0,500000,1,0,0,50000,1,0,0,500000,1,500000,1,0,0,0,0,176000,1,851000,3
82,Groveland,21000,1,0,0,0,0,0,0,0,0,0,0,0,0,0,0,0,0,0,0,0,0,0,0,0,0,0,0,0,0,0,0,0,0,0,0,0,0,0,0,0,0,0,0,0,0,0,0
83,Hamilton,0,0,0,0,0,0,0,0,0,0,0,0,0,0,30000,1,0,0,0,0,0,0,0,0,0,0,0,0,0,0,0,0,0,0,0,0,0,0,0,0,0,0,0,0,0,0,30000,1
84,Haverhill,0,0,0,0,50000,1,50000,1,0,0,50000,1,450000,2,0,0,0,0,0,0,0,0,0,0,0,0,0,0,50000,1,150000,2,0,0,0,0,200000,1,200000,1,0,0,0,0,350000,2,0,0
85,Ipswich,0,0,0,0,0,0,0,0,0,0,0,0,0,0,0,0,60000,1,0,0,0,0,0,0,0,0,0,0,0,0,0,0,0,0,0,0,0,0,0,0,0,0,0,0,60000,1,0,0
86,Lawrence,100000,2,150000,2,400000,3,0,0,600000,2,50000,1,60000,2,70000,1,0,0,50000,1,0,0,190000,3,240000,2,0,0,590000,4,800000,4,20000,1,0,0,380000,4,40000,1,500000,4,0,0,100000,1,320000,3
87,Lynn,300000,1,0,0,0,0,100000,1,1000000,1,300000,1,0,0,3200000,6,0,0,300000,1,0,0,0,0,1300000,2,0,0,150000,1,300000,3,0,0,0,0,450000,2,0,0,0,0,0,0,200000,2,2700000,3
88,Lynnfield,0,0,0,0,0,0,0,0,0,0,0,0,0,0,0,0,0,0,0,0,0,0,0,0,0,0,0,0,0,0,0,0,0,0,0,0,0,0,0,0,0,0,0,0,0,0,0,0
89,Manchester-by-the-Sea,0,0,0,0,0,0,0,0,0,0,0,0,0,0,0,0,0,0,0,0,0,0,0,0,0,0,0,0,0,0,0,0,0,0,0,0,0,0,0,0,0,0,0,0,50000,1,50000,1
90,Marblehead,0,0,0,0,0,0,0,0,0,0,0,0,0,0,0,0,0,0,0,0,0,0,0,0,0,0,0,0,0,0,0,0,0,0,0,0,0,0,0,0,0,0,0,0,0,0,200000,1
91,Merrimac,95000,1,0,0,0,0,0,0,0,0,0,0,0,0,0,0,0,0,0,0,0,0,0,0,0,0,0,0,0,0,0,0,0,0,0,0,0,0,0,0,0,0,0,0,0,0,0,0
92,Methuen,0,0,250000,1,0,0,250000,1,0,0,0,0,120000,3,500000,2,0,0,0,0,0,0,500000,1,850000,4,0,0,40000,1,0,0,0,0,0,0,250000,1,0,0,560000,2,0,0,500000,2,540000,3
93,Middleton,0,0,0,0,0,0,0,0,0,0,0,0,0,0,30000,1,0,0,0,0,0,0,0,0,0,0,0,0,200000,1,0,0,0,0,0,0,0,0,0,0,0,0,0,0,0,0,30000,1
94,Nahant,0,0,0,0,0,0,0,0,0,0,0,0,0,0,0,0,0,0,0,0,0,0,0,0,0,0,0,0,0,0,0,0,0,0,0,0,0,0,0,0,0,0,0,0,0,0,0,0
95,Newbury,0,0,0,0,0,0,0,0,0,0,0,0,0,0,0,0,0,0,0,0,0,0,0,0,68000,1,0,0,0,0,0,0,0,0,0,0,0,0,0,0,0,0,0,0,100000,1,100000,1
96,Newburyport,0,0,0,0,0,0,0,0,0,0,0,0,0,0,0,0,0,0,0,0,0,0,50000,1,50000,1,0,0,0,0,0,0,0,0,0,0,0,0,0,0,0,0,0,0,0,0,0,0
97,North Andover,260000,2,160000,1,210000,2,0,0,0,0,0,0,0,0,0,0,0,0,0,0,0,0,0,0,100000,1,0,0,50000,1,100000,1,100000,1,0,0,0,0,0,0,50000,1,0,0,160000,1,160000,1
98,Peabody,0,0,0,0,0,0,0,0,0,0,0,0,0,0,600000,2,0,0,0,0,0,0,0,0,0,0,0,0,0,0,200000,1,0,0,0,0,0,0,0,0,0,0,0,0,100000,1,500000,1
99,Rockport,0,0,0,0,0,0,0,0,50000,1,0,0,0,0,0,0,0,0,0,0,0,0,0,0,0,0,0,0,0,0,50000,1,0,0,0,0,50000,1,0,0,0,0,0,0,50000,1,50000,1
100,Rowley,0,0,0,0,0,0,0,0,0,0,0,0,0,0,0,0,0,0,0,0,0,0,0,0,0,0,0,0,0,0,0,0,0,0,0,0,0,0,0,0,0,0,0,0,0,0,0,0
101,Salem,0,0,200000,1,0,0,0,0,0,0,0,0,200000,1,0,0,0,0,200000,1,0,0,0,0,0,0,0,0,200000,1,200000,1,0,0,0,0,200000,1,200000,1,0,0,0,0,50000,1,400000,2
102,Salisbury,0,0,0,0,0,0,0,0,0,0,0,0,0,0,75000,1,0,0,0,0,0,0,0,0,0,0,0,0,0,0,0,0,0,0,0,0,0,0,0,0,0,0,0,0,75000,1,0,0
103,Saugus,0,0,0,0,0,0,0,0,0,0,0,0,0,0,0,0,0,0,20000,1,0,0,0,0,0,0,0,0,0,0,100000,1,0,0,0,0,0,0,0,0,0,0,0,0,0,0,0,0
104,Swampscott,0,0,0,0,0,0,2500000,1,0,0,0,0,0,0,2700000,2,0,0,0,0,0,0,0,0,0,0,0,0,0,0,0,0,0,0,0,0,0,0,0,0,0,0,0,0,2700000,2,2500000,1
105,Topsfield,0,0,0,0,0,0,0,0,0,0,0,0,0,0,0,0,0,0,0,0,0,0,0,0,100000,1,0,0,0,0,0,0,0,0,0,0,0,0,0,0,0,0,0,0,0,0,0,0
106,Wenham,50000,1,0,0,0,0,0,0,0,0,0,0,0,0,0,0,0,0,0,0,0,0,0,0,50000,1,0,0,0,0,0,0,50000,1,0,0,50000,1,0,0,0,0,0,0,0,0,0,0
107,West Newbury,0,0,0,0,0,0,0,0,0,0,0,0,25000,1,0,0,0,0,0,0,0,0,0,0,25000,1,0,0,0,0,0,0,0,0,0,0,25000,1,0,0,0,0,0,0,0,0,0,0
108,Ashfield,0,0,0,0,0,0,0,0,0,0,0,0,0,0,0,0,0,0,0,0,0,0,0,0,0,0,0,0,0,0,0,0,0,0,0,0,0,0,0,0,0,0,0,0,0,0,0,0
109,Bernardston,0,0,0,0,0,0,0,0,100000,1,0,0,0,0,0,0,0,0,0,0,0,0,0,0,0,0,0,0,0,0,0,0,0,0,0,0,0,0,0,0,0,0,0,0,100000,1,0,0
110,Buckland,0,0,0,0,0,0,0,0,0,0,0,0,0,0,0,0,0,0,0,0,0,0,75000,1,0,0,0,0,0,0,0,0,0,0,0,0,0,0,0,0,0,0,0,0,75000,1,0,0
111,Charlemont,0,0,0,0,0,0,0,0,0,0,0,0,0,0,0,0,0,0,0,0,0,0,0,0,0,0,0,0,0,0,500000,1,0,0,0,0,0,0,0,0,0,0,0,0,0,0,0,0
112,Colrain,0,0,0,0,0,0,0,0,0,0,0,0,0,0,0,0,0,0,0,0,0,0,0,0,0,0,0,0,0,0,0,0,0,0,0,0,0,0,0,0,0,0,0,0,0,0,0,0
113,Conway,0,0,0,0,0,0,0,0,0,0,0,0,0,0,0,0,0,0,0,0,0,0,0,0,0,0,0,0,0,0,0,0,0,0,0,0,0,0,0,0,0,0,0,0,0,0,0,0
114,Deerfield,0,0,0,0,0,0,0,0,0,0,0,0,0,0,0,0,0,0,0,0,0,0,0,0,0,0,0,0,0,0,0,0,0,0,0,0,0,0,0,0,0,0,0,0,0,0,0,0
115,Erving,0,0,0,0,0,0,0,0,0,0,0,0,0,0,0,0,0,0,0,0,0,0,0,0,0,0,0,0,0,0,0,0,0,0,0,0,0,0,0,0,0,0,0,0,0,0,0,0
116,Gill,0,0,0,0,0,0,0,0,0,0,0,0,75000,1,0,0,0,0,0,0,0,0,0,0,0,0,0,0,0,0,0,0,0,0,0,0,0,0,0,0,0,0,0,0,75000,1,0,0
117,Greenfield,25000,1,25000,1,0,0,0,0,0,0,0,0,0,0,0,0,0,0,0,0,0,0,0,0,0,0,0,0,0,0,0,0,0,0,0,0,0,0,0,0,0,0,0,0,0,0,0,0
118,Hawley,0,0,0,0,0,0,0,0,0,0,0,0,0,0,0,0,0,0,0,0,0,0,0,0,0,0,0,0,0,0,0,0,0,0,0,0,0,0,0,0,0,0,0,0,0,0,0,0
119,Heath,0,0,0,0,0,0,0,0,0,0,0,0,0,0,0,0,0,0,0,0,0,0,0,0,0,0,0,0,0,0,0,0,0,0,0,0,0,0,0,0,0,0,0,0,0,0,0,0
120,Leverett,0,0,0,0,0,0,0,0,0,0,0,0,0,0,0,0,0,0,0,0,0,0,0,0,0,0,0,0,0,0,0,0,0,0,0,0,0,0,0,0,0,0,0,0,0,0,0,0
121,Leyden,0,0,0,0,0,0,0,0,0,0,0,0,0,0,0,0,0,0,0,0,0,0,0,0,0,0,0,0,0,0,0,0,0,0,0,0,0,0,0,0,0,0,0,0,0,0,0,0
122,Monroe,0,0,0,0,0,0,0,0,0,0,0,0,0,0,0,0,0,0,0,0,0,0,0,0,0,0,0,0,0,0,0,0,0,0,0,0,0,0,0,0,0,0,0,0,0,0,0,0
123,Montague,0,0,0,0,0,0,0,0,0,0,0,0,0,0,0,0,0,0,0,0,0,0,0,0,0,0,0,0,0,0,0,0,0,0,0,0,0,0,0,0,0,0,0,0,0,0,0,0
124,New Salem,0,0,0,0,0,0,0,0,0,0,0,0,40000,1,40000,1,0,0,0,0,0,0,0,0,0,0,0,0,0,0,0,0,0,0,0,0,0,0,0,0,0,0,0,0,40000,1,0,0
125,Northfield,0,0,0,0,0,0,0,0,0,0,0,0,0,0,0,0,0,0,0,0,0,0,0,0,0,0,0,0,0,0,0,0,0,0,0,0,0,0,0,0,0,0,0,0,0,0,0,0
126,Orange,0,0,0,0,0,0,0,0,0,0,0,0,0,0,0,0,0,0,0,0,0,0,0,0,0,0,0,0,0,0,0,0,0,0,0,0,0,0,0,0,0,0,0,0,0,0,0,0
127,Rowe,0,0,0,0,0,0,0,0,0,0,0,0,0,0,0,0,0,0,0,0,0,0,0,0,0,0,0,0,0,0,0,0,0,0,0,0,0,0,0,0,0,0,0,0,0,0,0,0
128,Shelburne,0,0,0,0,0,0,0,0,0,0,0,0,0,0,0,0,0,0,0,0,0,0,0,0,0,0,0,0,0,0,0,0,0,0,0,0,0,0,0,0,0,0,0,0,0,0,0,0
129,Shutesbury,0,0,0,0,0,0,0,0,0,0,0,0,0,0,0,0,0,0,0,0,0,0,0,0,0,0,0,0,0,0,0,0,0,0,0,0,0,0,0,0,0,0,0,0,0,0,0,0
130,Sunderland,0,0,0,0,0,0,0,0,0,0,0,0,0,0,0,0,0,0,0,0,0,0,0,0,0,0,0,0,0,0,0,0,0,0,0,0,0,0,0,0,0,0,0,0,0,0,0,0
131,Warwick,0,0,0,0,0,0,0,0,0,0,0,0,0,0,0,0,0,0,0,0,0,0,0,0,0,0,0,0,0,0,0,0,0,0,0,0,0,0,0,0,0,0,0,0,0,0,0,0
132,Wendell,0,0,0,0,0,0,75000,1,0,0,0,0,0,0,0,0,0,0,0,0,0,0,0,0,0,0,0,0,0,0,0,0,0,0,0,0,0,0,0,0,0,0,0,0,75000,1,0,0
133,Whately,0,0,0,0,0,0,0,0,0,0,0,0,0,0,0,0,0,0,0,0,0,0,0,0,0,0,0,0,0,0,0,0,0,0,0,0,0,0,0,0,0,0,0,0,0,0,0,0
134,Agawam,0,0,0,0,0,0,0,0,0,0,0,0,0,0,100000,1,0,0,15000,1,0,0,0,0,75000,1,0,0,0,0,0,0,0,0,0,0,75000,1,0,0,0,0,0,0,250000,2,0,0
135,Blandford,0,0,0,0,0,0,0,0,0,0,0,0,0,0,0,0,0,0,0,0,0,0,0,0,0,0,0,0,0,0,0,0,0,0,0,0,0,0,0,0,0,0,0,0,0,0,0,0
136,Brimfield,0,0,0,0,0,0,0,0,0,0,0,0,0,0,0,0,0,0,0,0,0,0,0,0,0,0,0,0,0,0,0,0,0,0,0,0,0,0,0,0,0,0,0,0,0,0,0,0
137,Chester,0,0,0,0,0,0,0,0,0,0,0,0,0,0,0,0,0,0,0,0,0,0,0,0,0,0,0,0,0,0,0,0,0,0,0,0,0,0,0,0,0,0,0,0,0,0,0,0
138,Chicopee,25000,1,125000,1,0,0,0,0,500000,1,100000,1,183000,3,783000,2,0,0,100000,1,0,0,0,0,0,0,0,0,0,0,500000,1,0,0,0,0,100000,1,108000,2,275000,2,0,0,1075000,3,125000,1
139,East Longmeadow,0,0,0,0,0,0,0,0,0,0,0,0,0,0,0,0,0,0,0,0,0,0,0,0,0,0,0,0,0,0,0,0,0,0,0,0,0,0,0,0,0,0,0,0,0,0,0,0
140,Granville,0,0,0,0,0,0,0,0,0,0,0,0,0,0,0,0,0,0,0,0,0,0,0,0,0,0,0,0,0,0,0,0,0,0,0,0,0,0,0,0,0,0,0,0,0,0,0,0
141,Hampden,0,0,0,0,0,0,0,0,0,0,0,0,0,0,0,0,0,0,0,0,0,0,0,0,0,0,0,0,0,0,0,0,0,0,0,0,0,0,0,0,0,0,0,0,0,0,0,0
142,Holland,0,0,0,0,0,0,0,0,0,0,0,0,0,0,0,0,0,0,0,0,0,0,0,0,0,0,0,0,0,0,0,0,0,0,0,0,0,0,0,0,0,0,0,0,0,0,0,0
143,Holyoke,25000,1,130000,2,0,0,250000,1,0,0,400000,3,0,0,100000,1,0,0,175000,3,0,0,0,0,30000,1,0,0,50000,1,0,0,25000,1,0,0,50000,1,0,0,0,0,0,0,0,0,250000,1
144,Longmeadow,0,0,0,0,0,0,0,0,0,0,0,0,0,0,0,0,0,0,0,0,0,0,0,0,0,0,0,0,0,0,0,0,0,0,0,0,0,0,0,0,0,0,0,0,0,0,0,0
145,Ludlow,0,0,2000000,1,0,0,50000,1,0,0,0,0,0,0,1000000,1,0,0,0,0,50000,1,0,0,0,0,0,0,0,0,0,0,0,0,0,0,0,0,0,0,0,0,50000,1,50000,1,0,0
146,Monson,0,0,0,0,0,0,0,0,0,0,0,0,0,0,0,0,0,0,0,0,0,0,0,0,0,0,0,0,0,0,0,0,0,0,0,0,0,0,0,0,0,0,0,0,0,0,0,0
147,Montgomery,0,0,0,0,0,0,0,0,0,0,50000,1,0,0,0,0,0,0,0,0,0,0,0,0,0,0,0,0,0,0,0,0,0,0,0,0,0,0,0,0,0,0,0,0,50000,1,0,0
148,Palmer,0,0,0,0,0,0,0,0,0,0,0,0,0,0,0,0,0,0,0,0,0,0,0,0,0,0,0,0,0,0,0,0,0,0,0,0,0,0,0,0,0,0,0,0,0,0,0,0
149,Russell,0,0,0,0,0,0,0,0,0,0,0,0,0,0,0,0,0,0,0,0,0,0,0,0,0,0,0,0,0,0,50000,1,0,0,0,0,0,0,0,0,0,0,0,0,50000,1,0,0
150,Southwick,0,0,0,0,0,0,0,0,0,0,0,0,0,0,0,0,0,0,0,0,0,0,5000,1,0,0,0,0,0,0,0,0,0,0,0,0,0,0,0,0,0,0,0,0,5000,1,0,0
151,Springfield,1565000,7,1050000,7,300000,4,240000,3,1700000,4,3550000,5,1515000,7,0,0,0,0,3650000,8,50000,1,100000,1,360000,5,0,0,300000,3,175000,2,0,0,0,0,425000,5,1000000,1,315000,3,0,0,225000,2,840000,5
152,Tolland,0,0,0,0,0,0,0,0,0,0,0,0,0,0,0,0,0,0,0,0,0,0,0,0,0,0,0,0,0,0,0,0,0,0,0,0,0,0,0,0,0,0,0,0,0,0,0,0
153,Wales,0,0,0,0,0,0,0,0,0,0,0,0,0,0,0,0,0,0,0,0,0,0,0,0,0,0,0,0,0,0,0,0,0,0,0,0,0,0,0,0,0,0,0,0,0,0,0,0
154,Westfield,25000,1,0,0,25000,1,0,0,50000,1,0,0,0,0,50000,1,0,0,20000,1,0,0,0,0,100000,1,0,0,0,0,50000,1,0,0,0,0,0,0,0,0,0,0,0,0,175000,2,175000,3
155,West Springfield,0,0,0,0,100000,1,0,0,0,0,0,0,250000,1,100000,1,0,0,0,0,0,0,0,0,0,0,0,0,0,0,100000,1,0,0,0,0,0,0,0,0,0,0,0,0,250000,1,100000,1
156,Wilbraham,100000,1,0,0,0,0,0,0,0,0,0,0,0,0,0,0,0,0,0,0,0,0,0,0,0,0,100000,1,0,0,0,0,0,0,0,0,0,0,0,0,0,0,0,0,0,0,0,0
157,Amherst,1625000,3,25000,1,0,0,250000,2,0,0,0,0,375000,3,1500000,1,0,0,0,0,0,0,0,0,280000,2,0,0,0,0,0,0,0,0,0,0,0,0,0,0,0,0,0,0,1500000,1,0,0
158,Belchertown,0,0,0,0,0,0,0,0,0,0,50000,1,0,0,0,0,0,0,0,0,0,0,0,0,50000,1,0,0,0,0,0,0,0,0,0,0,50000,1,0,0,0,0,0,0,0,0,0,0
159,Chesterfield,0,0,0,0,0,0,0,0,0,0,0,0,0,0,0,0,0,0,0,0,0,0,0,0,0,0,0,0,0,0,0,0,0,0,0,0,0,0,0,0,0,0,0,0,0,0,0,0
160,Cummington,0,0,0,0,0,0,0,0,0,0,0,0,0,0,0,0,0,0,0,0,0,0,0,0,0,0,0,0,0,0,0,0,0,0,0,0,0,0,0,0,0,0,0,0,0,0,0,0
161,Easthampton,0,0,0,0,100000,1,50000,1,0,0,25000,1,50000,1,0,0,0,0,0,0,0,0,0,0,100000,1,0,0,0,0,2010000,2,0,0,0,0,25000,1,0,0,0,0,0,0,50000,1,0,0
162,Goshen,0,0,0,0,0,0,0,0,0,0,0,0,0,0,0,0,0,0,0,0,0,0,0,0,0,0,0,0,0,0,0,0,0,0,0,0,0,0,0,0,0,0,0,0,0,0,0,0
163,Granby,0,0,0,0,40000,1,0,0,0,0,0,0,0,0,0,0,0,0,0,0,0,0,0,0,0,0,0,0,0,0,0,0,0,0,0,0,0,0,0,0,0,0,0,0,0,0,0,0
164,Hadley,0,0,0,0,0,0,0,0,0,0,0,0,0,0,0,0,0,0,0,0,0,0,0,0,50000,1,0,0,100000,1,100000,1,0,0,0,0,0,0,0,0,0,0,0,0,0,0,0,0
165,Hatfield,0,0,0,0,5000000,1,0,0,5000000,1,0,0,0,0,0,0,0,0,0,0,0,0,0,0,0,0,0,0,0,0,0,0,0,0,0,0,0,0,0,0,0,0,0,0,0,0,0,0
166,Huntington,0,0,0,0,0,0,0,0,0,0,50000,1,0,0,0,0,0,0,0,0,0,0,0,0,0,0,0,0,0,0,0,0,0,0,0,0,0,0,0,0,0,0,0,0,0,0,0,0
167,Middlefield,0,0,0,0,0,0,0,0,0,0,0,0,0,0,0,0,0,0,0,0,0,0,0,0,0,0,0,0,0,0,0,0,0,0,0,0,0,0,0,0,0,0,0,0,0,0,0,0
168,Northampton,150000,2,128500,1,0,0,100000,1,0,0,50000,1,0,0,0,0,0,0,100000,1,0,0,0,0,0,0,0,0,0,0,0,0,0,0,0,0,150000,2,0,0,100000,1,0,0,0,0,0,0
169,Pelham,0,0,0,0,0,0,0,0,0,0,0,0,0,0,0,0,0,0,0,0,0,0,0,0,0,0,0,0,0,0,0,0,0,0,0,0,0,0,0,0,0,0,0,0,0,0,0,0
170,Plainfield,0,0,0,0,0,0,0,0,0,0,0,0,0,0,0,0,0,0,0,0,0,0,0,0,0,0,0,0,0,0,0,0,0,0,0,0,0,0,0,0,0,0,0,0,0,0,0,0
171,Southampton,0,0,0,0,0,0,0,0,0,0,0,0,0,0,0,0,0,0,0,0,0,0,0,0,50000,1,0,0,0,0,0,0,0,0,0,0,0,0,0,0,0,0,0,0,0,0,0,0
172,South Hadley,0,0,0,0,100000,1,0,0,0,0,0,0,0,0,0,0,0,0,0,0,0,0,0,0,0,0,0,0,0,0,0,0,0,0,0,0,0,0,0,0,0,0,0,0,0,0,0,0
173,Ware,0,0,0,0,0,0,0,0,300000,1,0,0,0,0,0,0,0,0,0,0,0,0,415000,3,50000,1,0,0,0,0,350000,2,0,0,0,0,0,0,0,0,0,0,0,0,0,0,65000,1
174,Westhampton,0,0,0,0,0,0,0,0,0,0,0,0,0,0,0,0,0,0,0,0,0,0,0,0,0,0,0,0,0,0,0,0,0,0,0,0,0,0,0,0,0,0,0,0,0,0,0,0
175,Williamsburg,0,0,0,0,0,0,0,0,0,0,0,0,0,0,0,0,0,0,0,0,0,0,0,0,0,0,0,0,0,0,0,0,0,0,0,0,0,0,0,0,0,0,0,0,0,0,0,0
176,Worthington,0,0,0,0,0,0,0,0,0,0,0,0,0,0,0,0,0,0,0,0,0,0,0,0,0,0,0,0,0,0,0,0,0,0,0,0,0,0,0,0,0,0,0,0,0,0,0,0
177,Acton,0,0,0,0,0,0,0,0,0,0,0,0,0,0,0,0,0,0,0,0,0,0,0,0,0,0,0,0,0,0,0,0,0,0,0,0,0,0,0,0,0,0,0,0,0,0,0,0
178,Arlington,0,0,300000,2,0,0,0,0,450000,2,0,0,0,0,200000,1,0,0,0,0,0,0,0,0,100000,1,0,0,0,0,250000,1,0,0,0,0,0,0,0,0,0,0,0,0,450000,2,0,0
179,Ashby,0,0,0,0,0,0,0,0,0,0,0,0,0,0,0,0,0,0,0,0,0,0,0,0,0,0,0,0,0,0,0,0,0,0,0,0,0,0,0,0,0,0,0,0,0,0,0,0
180,Ashland,0,0,0,0,0,0,0,0,0,0,0,0,0,0,0,0,0,0,0,0,0,0,750000,1,0,0,0,0,0,0,500000,1,0,0,0,0,0,0,0,0,0,0,0,0,750000,1,500000,1
181,Ayer,0,0,250000,1,0,0,0,0,0,0,0,0,0,0,0,0,0,0,0,0,0,0,0,0,0,0,0,0,0,0,0,0,0,0,0,0,0,0,0,0,0,0,0,0,0,0,0,0
182,Bedford,0,0,0,0,100000,1,0,0,0,0,75000,1,0,0,0,0,0,0,75000,1,0,0,0,0,0,0,0,0,0,0,0,0,0,0,0,0,1075000,2,0,0,0,0,0,0,100000,1,75000,1
183,Belmont,0,0,150000,1,0,0,0,0,250000,1,100000,1,250000,1,250000,1,0,0,0,0,0,0,0,0,250000,1,0,0,0,0,0,0,0,0,0,0,0,0,0,0,0,0,150000,1,600000,4,600000,3
184,Billerica,0,0,0,0,0,0,50000,1,0,0,0,0,110000,1,0,0,0,0,0,0,0,0,250000,3,0,0,0,0,0,0,0,0,0,0,0,0,0,0,0,0,0,0,0,0,300000,4,110000,1
185,Boxborough,0,0,0,0,0,0,0,0,0,0,0,0,0,0,0,0,0,0,0,0,0,0,0,0,0,0,0,0,0,0,0,0,0,0,0,0,0,0,0,0,0,0,0,0,0,0,0,0
186,Burlington,300000,1,0,0,100000,1,0,0,0,0,150000,1,300000,1,0,0,100000,1,0,0,0,0,0,0,0,0,0,0,0,0,100000,1,0,0,0,0,150000,1,0,0,300000,1,0,0,200000,2,0,0
187,Cambridge,0,0,0,0,100000,2,4500000,1,0,0,4550000,2,4500000,1,0,0,0,0,4600000,3,0,0,0,0,4650000,4,0,0,0,0,25000,1,50000,1,0,0,0,0,0,0,0,0,0,0,4500000,1,0,0
188,Carlisle,0,0,0,0,0,0,0,0,150000,1,0,0,0,0,0,0,0,0,0,0,0,0,0,0,0,0,0,0,0,0,0,0,0,0,0,0,0,0,0,0,0,0,0,0,0,0,150000,1
189,Chelmsford,0,0,0,0,0,0,350000,1,0,0,0,0,0,0,350000,1,0,0,0,0,0,0,0,0,0,0,0,0,0,0,200000,1,350000,1,0,0,0,0,0,0,0,0,0,0,0,0,0,0
190,Concord,0,0,0,0,0,0,0,0,0,0,0,0,0,0,0,0,0,0,0,0,0,0,0,0,0,0,0,0,0,0,0,0,0,0,0,0,0,0,0,0,0,0,0,0,0,0,0,0
191,Dracut,0,0,0,0,0,0,0,0,0,0,0,0,0,0,0,0,0,0,50000,1,0,0,0,0,50000,1,0,0,0,0,50000,1,0,0,0,0,50000,1,0,0,0,0,0,0,50000,1,0,0
192,Dunstable,0,0,0,0,0,0,0,0,0,0,0,0,0,0,0,0,0,0,0,0,0,0,0,0,50000,1,0,0,0,0,0,0,0,0,0,0,0,0,0,0,0,0,0,0,50000,1,0,0
193,Everett,350000,2,400000,1,50000,1,0,0,0,0,0,0,50000,1,0,0,300000,1,200000,4,0,0,0,0,150000,3,0,0,300000,1,0,0,300000,1,0,0,300000,1,0,0,75000,2,0,0,0,0,0,0
194,Framingham,1250000,2,0,0,0,0,0,0,250000,1,150000,1,250000,1,12500000,2,0,0,0,0,0,0,500000,1,0,0,1000000,1,0,0,250000,1,1000000,1,0,0,1050000,2,0,0,0,0,0,0,12550000,3,400000,2
195,Groton,0,0,0,0,0,0,0,0,0,0,0,0,0,0,0,0,0,0,0,0,0,0,0,0,0,0,0,0,0,0,150000,1,0,0,0,0,50000,1,0,0,0,0,0,0,0,0,0,0
196,Holliston,0,0,0,0,0,0,0,0,0,0,0,0,0,0,650000,2,0,0,0,0,0,0,0,0,0,0,0,0,0,0,0,0,0,0,0,0,0,0,0,0,0,0,0,0,650000,2,0,0
197,Hopkinton,30000,1,0,0,0,0,0,0,300000,1,190000,2,300000,1,0,0,0,0,190000,2,0,0,0,0,220000,3,0,0,120000,2,0,0,0,0,0,0,220000,3,0,0,0,0,0,0,300000,1,0,0
198,Hudson,0,0,100000,1,0,0,50000,1,50000,1,0,0,0,0,0,0,0,0,100000,1,0,0,0,0,50000,1,0,0,50000,1,450000,2,0,0,0,0,0,0,0,0,0,0,0,0,50000,1,50000,1
199,Lexington,0,0,200000,1,0,0,0,0,350000,2,0,0,350000,1,0,0,0,0,0,0,0,0,150000,1,150000,1,0,0,0,0,0,0,0,0,0,0,350000,1,350000,1,0,0,0,0,0,0,200000,1
200,Lincoln,0,0,0,0,0,0,0,0,0,0,0,0,0,0,0,0,0,0,0,0,0,0,0,0,0,0,0,0,0,0,0,0,0,0,0,0,0,0,0,0,0,0,0,0,0,0,0,0
201,Littleton,0,0,0,0,0,0,0,0,250000,1,0,0,0,0,250000,1,0,0,0,0,0,0,0,0,0,0,0,0,0,0,0,0,0,0,0,0,0,0,0,0,0,0,0,0,250000,1,0,0
202,Lowell,20000,1,75000,1,0,0,1700000,2,0,0,1600000,2,150000,1,245000,3,0,0,0,0,0,0,0,0,350000,2,0,0,0,0,1000000,2,0,0,0,0,1800000,2,0,0,300000,1,75000,1,2025000,4,450000,4
203,Malden,0,0,250000,1,250000,1,150000,1,0,0,0,0,100000,1,300000,3,75000,1,100000,1,0,0,0,0,250000,1,0,0,150000,1,185000,2,60000,1,0,0,0,0,0,0,0,0,125000,1,645000,6,225000,2
204,Marlborough,0,0,0,0,0,0,0,0,0,0,0,0,0,0,0,0,0,0,0,0,0,0,190000,1,0,0,0,0,0,0,0,0,0,0,0,0,0,0,390000,2,0,0,0,0,0,0,0,0
205,Maynard,0,0,0,0,100000,1,50000,1,0,0,0,0,0,0,410000,1,0,0,0,0,0,0,0,0,0,0,0,0,0,0,500000,1,0,0,0,0,500000,1,0,0,0,0,0,0,910000,2,410000,1
206,Medford,0,0,0,0,0,0,0,0,650000,2,0,0,0,0,0,0,0,0,0,0,0,0,150000,1,0,0,0,0,0,0,1100000,4,0,0,0,0,500000,1,0,0,55000,1,0,0,500000,2,600000,2
207,Melrose,0,0,0,0,60000,1,0,0,0,0,75000,1,150000,1,0,0,0,0,0,0,0,0,0,0,0,0,0,0,0,0,0,0,0,0,0,0,75000,1,0,0,0,0,0,0,150000,1,0,0
208,Natick,250000,2,100000,1,0,0,0,0,200000,1,0,0,150000,1,0,0,0,0,0,0,0,0,0,0,100000,1,0,0,0,0,0,0,0,0,0,0,0,0,200000,1,0,0,0,0,300000,2,150000,1
209,Newton,500000,1,0,0,0,0,600000,2,0,0,150000,3,500000,1,500000,1,0,0,500000,1,0,0,125000,1,102000,1,0,0,500000,1,100000,1,0,0,125000,1,500000,1,100000,1,1100000,2,100000,1,166000,2,100000,1
210,North Reading,0,0,0,0,0,0,0,0,75000,1,0,0,0,0,0,0,0,0,0,0,0,0,0,0,0,0,0,0,0,0,200000,2,0,0,0,0,0,0,75000,1,0,0,0,0,240000,3,0,0
211,Pepperell,345000,1,0,0,0,0,0,0,0,0,0,0,0,0,0,0,0,0,0,0,0,0,0,0,0,0,0,0,0,0,0,0,0,0,0,0,345000,1,0,0,0,0,0,0,0,0,0,0
212,Reading,0,0,0,0,0,0,0,0,0,0,0,0,0,0,0,0,0,0,0,0,0,0,0,0,0,0,0,0,0,0,150000,1,0,0,0,0,0,0,0,0,0,0,0,0,0,0,0,0
213,Sherborn,0,0,100000,1,0,0,0,0,0,0,0,0,0,0,100000,1,0,0,0,0,0,0,0,0,0,0,0,0,0,0,0,0,0,0,0,0,0,0,0,0,0,0,0,0,100000,1,0,0
214,Shirley,0,0,0,0,0,0,0,0,0,0,0,0,0,0,0,0,0,0,0,0,0,0,0,0,0,0,0,0,0,0,0,0,0,0,0,0,0,0,0,0,0,0,0,0,0,0,0,0
215,Somerville,0,0,750000,3,0,0,0,0,250000,1,250000,1,0,0,0,0,0,0,0,0,0,0,0,0,50000,1,0,0,0,0,0,0,0,0,0,0,0,0,250000,1,0,0,0,0,0,0,800000,4
216,Stoneham,100000,1,0,0,0,0,200000,2,0,0,125000,1,0,0,3000000,1,0,0,0,0,0,0,0,0,250000,2,0,0,0,0,0,0,0,0,0,0,125000,1,0,0,100000,1,0,0,200000,2,275000,2
217,Stow,0,0,0,0,0,0,0,0,0,0,0,0,0,0,300000,1,0,0,0,0,0,0,0,0,0,0,0,0,0,0,0,0,0,0,0,0,0,0,0,0,0,0,0,0,0,0,0,0
218,Sudbury,0,0,75000,1,25000,1,0,0,0,0,0,0,0,0,150000,1,0,0,0,0,0,0,0,0,75000,1,0,0,0,0,0,0,150000,1,0,0,0,0,0,0,0,0,0,0,0,0,0,0
219,Tewksbury,0,0,0,0,0,0,0,0,100000,1,0,0,0,0,100000,1,0,0,0,0,0,0,0,0,0,0,0,0,0,0,100000,1,50000,1,0,0,50000,1,0,0,0,0,0,0,0,0,100000,1
220,Townsend,0,0,0,0,0,0,0,0,0,0,50000,1,0,0,0,0,0,0,0,0,0,0,0,0,0,0,0,0,0,0,0,0,0,0,0,0,0,0,0,0,0,0,0,0,50000,1,0,0
221,Tyngsborough,0,0,0,0,0,0,0,0,0,0,0,0,0,0,0,0,0,0,0,0,0,0,0,0,0,0,0,0,100000,1,0,0,0,0,0,0,0,0,0,0,0,0,0,0,100000,1,0,0
222,Wakefield,400000,1,0,0,0,0,70000,1,400000,1,0,0,400000,1,75000,1,0,0,0,0,0,0,0,0,75000,1,0,0,0,0,75000,1,0,0,0,0,0,0,0,0,400000,1,70000,1,195000,2,475000,2
223,Waltham,100000,1,150000,1,100000,1,0,0,500000,1,0,0,0,0,0,0,0,0,0,0,0,0,0,0,0,0,0,0,0,0,0,0,0,0,0,0,0,0,0,0,0,0,0,0,0,0,0,0
224,Watertown,125000,1,57000,1,0,0,0,0,250000,1,0,0,0,0,582000,4,0,0,0,0,0,0,0,0,432000,3,0,0,125000,1,307000,2,0,0,0,0,125000,1,0,0,125000,1,0,0,0,0,57000,1
225,Wayland,0,0,0,0,0,0,0,0,0,0,0,0,0,0,0,0,0,0,0,0,0,0,0,0,0,0,0,0,0,0,0,0,100000,1,0,0,0,0,0,0,0,0,0,0,0,0,0,0
226,Westford,350000,1,0,0,0,0,0,0,0,0,0,0,0,0,0,0,0,0,0,0,0,0,0,0,0,0,0,0,0,0,100000,1,0,0,0,0,0,0,0,0,0,0,0,0,350000,1,0,0
227,Weston,0,0,0,0,0,0,0,0,0,0,0,0,0,0,0,0,0,0,0,0,0,0,0,0,0,0,0,0,0,0,0,0,0,0,0,0,0,0,0,0,0,0,0,0,0,0,0,0
228,Wilmington,0,0,200000,1,0,0,0,0,200000,1,40000,1,0,0,50000,1,0,0,0,0,0,0,0,0,200000,1,0,0,0,0,250000,2,0,0,0,0,40000,1,0,0,0,0,200000,1,250000,2,200000,1
229,Winchester,0,0,150000,1,0,0,0,0,0,0,0,0,0,0,0,0,0,0,0,0,0,0,0,0,0,0,0,0,25000,1,0,0,0,0,0,0,25000,1,0,0,0,0,0,0,0,0,150000,1
230,Woburn,0,0,0,0,0,0,0,0,0,0,125000,1,0,0,0,0,0,0,0,0,0,0,0,0,0,0,0,0,0,0,0,0,0,0,0,0,125000,1,0,0,0,0,125000,1,0,0,125000,1
231,Nantucket,60000,1,0,0,0,0,0,0,0,0,0,0,0,0,0,0,0,0,0,0,0,0,0,0,0,0,0,0,0,0,0,0,0,0,0,0,0,0,0,0,0,0,0,0,0,0,0,0
232,Avon,0,0,0,0,5000,1,0,0,0,0,0,0,0,0,100000,1,0,0,0,0,0,0,0,0,0,0,0,0,0,0,0,0,0,0,5000,1,0,0,0,0,0,0,0,0,350000,2,100000,1
233,Bellingham,0,0,0,0,0,0,0,0,0,0,0,0,0,0,0,0,0,0,0,0,0,0,0,0,0,0,0,0,0,0,0,0,0,0,0,0,0,0,0,0,0,0,0,0,0,0,0,0
234,Braintree,0,0,285000,2,10000,2,0,0,175000,1,0,0,675000,2,0,0,0,0,200000,1,0,0,0,0,200000,1,0,0,0,0,970000,6,0,0,0,0,0,0,500000,1,0,0,0,0,760000,3,200000,1
235,Brookline,715000,4,0,0,100000,1,0,0,0,0,135000,2,0,0,0,0,0,0,115000,2,0,0,0,0,165000,2,0,0,215000,3,150000,2,0,0,0,0,185000,2,585000,2,100000,1,0,0,100000,1,0,0
236,Canton,173000,1,0,0,5000,1,325000,2,0,0,0,0,0,0,125000,1,0,0,0,0,0,0,0,0,5000,1,0,0,0,0,0,0,125000,1,10000,2,0,0,0,0,5000,1,0,0,75000,1,0,0
237,Cohasset,0,0,50000,1,0,0,0,0,0,0,50000,1,0,0,0,0,0,0,0,0,0,0,0,0,50000,1,0,0,0,0,0,0,0,0,0,0,0,0,0,0,0,0,0,0,0,0,50000,1
238,Dedham,0,0,0,0,0,0,0,0,0,0,50000,1,100000,2,0,0,0,0,0,0,0,0,0,0,50000,1,0,0,0,0,0,0,0,0,0,0,50000,1,50000,1,0,0,0,0,50000,1,0,0
239,Dover,0,0,0,0,0,0,0,0,0,0,0,0,0,0,0,0,0,0,0,0,0,0,0,0,0,0,0,0,0,0,0,0,0,0,0,0,0,0,0,0,0,0,0,0,0,0,0,0
240,Foxborough,0,0,100000,1,0,0,0,0,0,0,0,0,0,0,100000,1,0,0,0,0,0,0,0,0,0,0,0,0,0,0,0,0,0,0,0,0,0,0,0,0,0,0,0,0,0,0,0,0
241,Franklin,0,0,871500,4,0,0,0,0,0,0,0,0,0,0,0,0,0,0,150000,1,0,0,0,0,280000,2,0,0,0,0,700000,1,0,0,0,0,20000,1,0,0,0,0,130000,1,221500,1,0,0
242,Holbrook,85000,1,85000,1,0,0,0,0,85000,1,0,0,0,0,0,0,0,0,0,0,0,0,0,0,0,0,0,0,0,0,0,0,0,0,0,0,0,0,300000,1,0,0,0,0,385000,2,0,0
243,Medfield,0,0,0,0,0,0,0,0,0,0,0,0,0,0,0,0,0,0,0,0,0,0,0,0,0,0,0,0,0,0,0,0,0,0,0,0,0,0,0,0,0,0,0,0,0,0,0,0
244,Medway,0,0,0,0,0,0,0,0,350000,1,0,0,0,0,350000,1,0,0,0,0,0,0,0,0,0,0,0,0,0,0,0,0,0,0,0,0,0,0,0,0,0,0,0,0,0,0,350000,1
245,Millis,0,0,0,0,0,0,0,0,100000,1,0,0,0,0,0,0,0,0,0,0,0,0,0,0,0,0,0,0,0,0,0,0,100000,1,0,0,0,0,0,0,0,0,0,0,0,0,100000,1
246,Milton,30000,1,0,0,5000,1,30000,1,50000,1,0,0,50000,1,0,0,0,0,0,0,0,0,250000,1,73000,2,0,0,250000,1,50000,1,0,0,5000,1,250000,1,250000,1,0,0,0,0,100000,2,30000,1
247,Needham,0,0,1250000,1,0,0,0,0,0,0,0,0,0,0,0,0,0,0,0,0,0,0,0,0,0,0,0,0,0,0,200000,1,0,0,0,0,200000,1,0,0,0,0,0,0,1250000,1,200000,1
248,Norfolk,0,0,0,0,0,0,0,0,0,0,0,0,0,0,100000,1,0,0,0,0,0,0,0,0,0,0,0,0,0,0,0,0,0,0,0,0,50000,1,0,0,0,0,0,0,0,0,100000,1
249,Norwood,50000,1,100000,1,50000,1,0,0,0,0,0,0,0,0,100000,1,0,0,50000,1,0,0,50000,1,150000,2,0,0,50000,1,0,0,0,0,0,0,50000,1,50000,1,0,0,0,0,150000,2,0,0
250,Plainville,0,0,0,0,0,0,0,0,0,0,0,0,0,0,100000,1,0,0,0,0,0,0,0,0,0,0,0,0,0,0,0,0,0,0,0,0,0,0,0,0,0,0,0,0,0,0,0,0
251,Quincy,200000,1,0,0,400000,2,0,0,0,0,0,0,600000,1,600000,1,0,0,200000,1,0,0,60000,1,400000,2,0,0,0,0,400000,1,0,0,60000,1,0,0,60000,1,0,0,0,0,1260000,3,0,0
252,Randolph,0,0,5000,1,5000,1,0,0,400000,1,0,0,0,0,400000,1,0,0,0,0,0,0,400000,1,0,0,0,0,0,0,0,0,0,0,5000,1,0,0,0,0,0,0,0,0,0,0,400000,1
253,Sharon,0,0,0,0,0,0,150000,1,0,0,0,0,0,0,0,0,0,0,0,0,0,0,0,0,0,0,0,0,50000,1,0,0,0,0,0,0,0,0,0,0,0,0,0,0,50000,1,0,0
254,Stoughton,0,0,0,0,10000,2,0,0,0,0,0,0,0,0,150000,1,0,0,0,0,0,0,0,0,0,0,0,0,0,0,150000,1,0,0,0,0,0,0,0,0,5000,1,0,0,150000,1,150000,1
255,Walpole,100000,1,0,0,0,0,0,0,0,0,0,0,200000,1,100000,1,0,0,200000,1,0,0,100000,1,0,0,0,0,0,0,0,0,0,0,0,0,0,0,0,0,0,0,0,0,300000,2,0,0
256,Wellesley,150000,1,560000,2,0,0,0,0,0,0,50000,1,50000,1,0,0,0,0,0,0,0,0,0,0,0,0,0,0,300000,1,0,0,0,0,0,0,500000,4,900000,3,0,0,0,0,560000,2,350000,4
257,Westwood,0,0,0,0,0,0,0,0,0,0,0,0,0,0,50000,1,0,0,0,0,0,0,0,0,50000,1,0,0,0,0,0,0,0,0,0,0,0,0,50000,1,0,0,0,0,100000,2,0,0
258,Weymouth,25000,1,0,0,200000,2,0,0,0,0,0,0,225000,3,200000,2,0,0,25000,1,0,0,25000,1,100000,1,25000,1,200000,2,200000,2,0,0,0,0,200000,2,100000,1,225000,3,0,0,200000,2,0,0
259,Wrentham,0,0,0,0,0,0,0,0,0,0,0,0,0,0,150000,1,0,0,0,0,50000,1,0,0,0,0,0,0,0,0,0,0,0,0,0,0,0,0,0,0,0,0,0,0,0,0,150000,1
260,Abington,0,0,85000,1,0,0,0,0,0,0,0,0,0,0,0,0,0,0,0,0,0,0,0,0,0,0,0,0,0,0,0,0,0,0,0,0,28000,1,0,0,0,0,0,0,85000,1,0,0
261,Bridgewater,0,0,0,0,0,0,0,0,0,0,0,0,0,0,0,0,0,0,0,0,0,0,0,0,0,0,0,0,0,0,0,0,0,0,0,0,0,0,0,0,0,0,0,0,0,0,0,0
262,Brockton,75000,1,0,0,125000,2,0,0,1000000,1,510000,1,860000,3,0,0,0,0,125000,2,0,0,0,0,1610000,3,0,0,510000,1,100000,1,75000,1,0,0,0,0,0,0,0,0,0,0,1175000,3,1510000,2
263,Carver,0,0,50000,1,0,0,0,0,50000,1,0,0,0,0,0,0,0,0,0,0,0,0,0,0,0,0,0,0,0,0,0,0,0,0,0,0,0,0,0,0,0,0,0,0,0,0,0,0
264,Duxbury,0,0,0,0,0,0,0,0,0,0,0,0,0,0,190000,3,0,0,0,0,0,0,0,0,25000,1,0,0,0,0,0,0,0,0,0,0,0,0,0,0,0,0,40000,1,190000,3,0,0
265,East Bridgewater,0,0,85000,2,0,0,0,0,0,0,0,0,85000,2,90000,2,0,0,0,0,0,0,0,0,0,0,0,0,0,0,55000,1,0,0,0,0,0,0,0,0,85000,2,0,0,55000,1,0,0
266,Halifax,0,0,0,0,0,0,0,0,20000,1,0,0,0,0,20000,1,0,0,0,0,0,0,0,0,0,0,0,0,0,0,0,0,0,0,0,0,0,0,0,0,0,0,0,0,0,0,0,0
267,Hanover,0,0,0,0,0,0,0,0,0,0,0,0,0,0,50000,1,0,0,0,0,0,0,0,0,0,0,0,0,0,0,0,0,50000,1,0,0,0,0,0,0,0,0,0,0,0,0,0,0
268,Hanson,0,0,0,0,0,0,0,0,0,0,35000,1,200000,1,0,0,0,0,0,0,0,0,0,0,0,0,0,0,0,0,200000,1,20000,1,0,0,35000,1,0,0,0,0,0,0,200000,1,0,0
269,Hingham,0,0,0,0,0,0,0,0,0,0,0,0,0,0,0,0,0,0,0,0,0,0,25000,1,0,0,0,0,0,0,0,0,0,0,0,0,0,0,0,0,0,0,0,0,0,0,25000,1
270,Hull,250000,1,0,0,0,0,250000,1,150000,1,25000,1,0,0,250000,1,0,0,0,0,0,0,0,0,0,0,0,0,0,0,400000,2,0,0,0,0,0,0,0,0,0,0,0,0,400000,2,0,0
271,Kingston,0,0,0,0,0,0,0,0,0,0,0,0,210000,1,125000,1,0,0,0,0,0,0,25000,1,150000,2,0,0,0,0,0,0,0,0,0,0,0,0,0,0,0,0,0,0,210000,1,125000,1
272,Lakeville,0,0,0,0,0,0,0,0,0,0,250000,1,0,0,250000,1,0,0,0,0,0,0,0,0,250000,1,0,0,0,0,250000,1,0,0,0,0,0,0,0,0,0,0,0,0,0,0,0,0
273,Marion,0,0,0,0,0,0,0,0,425000,1,0,0,0,0,425000,1,0,0,0,0,0,0,0,0,0,0,0,0,0,0,0,0,0,0,0,0,425000,1,0,0,0,0,0,0,0,0,0,0
274,Marshfield,0,0,0,0,0,0,0,0,0,0,50000,1,0,0,0,0,0,0,25000,1,0,0,0,0,50000,1,0,0,0,0,0,0,50000,1,0,0,50000,1,0,0,0,0,0,0,0,0,0,0
275,Mattapoisett,0,0,0,0,0,0,0,0,0,0,0,0,0,0,0,0,0,0,0,0,0,0,0,0,0,0,0,0,0,0,0,0,0,0,0,0,0,0,0,0,0,0,0,0,0,0,0,0
276,Middleborough,0,0,0,0,0,0,80000,1,0,0,0,0,0,0,50000,1,0,0,0,0,0,0,0,0,0,0,0,0,0,0,0,0,0,0,0,0,0,0,80000,1,0,0,0,0,130000,2,0,0
277,Norwell,0,0,25000,1,0,0,0,0,0,0,0,0,0,0,50000,1,0,0,0,0,0,0,0,0,0,0,0,0,0,0,0,0,50000,1,0,0,0,0,0,0,0,0,0,0,0,0,0,0
278,Pembroke,0,0,0,0,25000,1,0,0,225000,1,235000,2,0,0,100000,1,0,0,0,0,0,0,225000,1,525000,3,0,0,0,0,0,0,0,0,0,0,235000,2,0,0,0,0,0,0,300000,2,225000,1
279,Plymouth,0,0,0,0,0,0,150000,2,0,0,175000,3,0,0,0,0,0,0,0,0,0,0,0,0,0,0,0,0,0,0,0,0,0,0,0,0,100000,2,0,0,0,0,0,0,75000,1,0,0
280,Plympton,0,0,0,0,0,0,0,0,0,0,0,0,0,0,25000,1,0,0,0,0,0,0,0,0,0,0,0,0,0,0,0,0,0,0,0,0,0,0,0,0,0,0,0,0,25000,1,0,0
281,Rochester,0,0,0,0,0,0,0,0,0,0,0,0,0,0,0,0,0,0,0,0,0,0,0,0,0,0,0,0,0,0,0,0,0,0,0,0,0,0,0,0,0,0,0,0,0,0,0,0
282,Rockland,0,0,85000,1,0,0,0,0,0,0,0,0,0,0,0,0,0,0,0,0,0,0,0,0,0,0,0,0,0,0,0,0,0,0,0,0,0,0,85000,1,0,0,0,0,85000,1,0,0
283,Scituate,0,0,0,0,0,0,0,0,0,0,0,0,0,0,150000,2,0,0,0,0,0,0,0,0,0,0,0,0,0,0,0,0,25000,1,0,0,0,0,0,0,0,0,0,0,0,0,250000,2
284,Wareham,0,0,0,0,0,0,0,0,0,0,0,0,0,0,0,0,0,0,0,0,0,0,50000,1,0,0,0,0,0,0,0,0,0,0,0,0,0,0,0,0,0,0,0,0,0,0,0,0
285,West Bridgewater,100000,1,0,0,5000,1,100000,1,0,0,0,0,0,0,105000,2,0,0,0,0,0,0,0,0,0,0,0,0,0,0,100000,1,100000,1,0,0,0,0,0,0,0,0,0,0,0,0,0,0
286,Whitman,0,0,0,0,0,0,0,0,0,0,0,0,0,0,0,0,0,0,0,0,0,0,80000,1,0,0,0,0,0,0,0,0,0,0,0,0,0,0,0,0,0,0,0,0,0,0,0,0
287,Boston,28150000,21,22775000,15,20125000,9,4595000,16,750000,4,52050000,9,14325000,16,1575000,7,5000000,1,12500000,22,250000,1,7575000,6,7095000,20,1000000,1,23150000,21,2975000,22,2400000,4,11000000,2,56825000,21,2750000,6,24300000,16,1320000,1,55425000,17,9370000,14
288,Chelsea,50000,1,50000,1,0,0,0,0,0,0,100000,2,0,0,50000,1,0,0,100000,2,0,0,0,0,50000,1,0,0,0,0,0,0,0,0,0,0,0,0,0,0,0,0,0,0,0,0,0,0
289,Revere,0,0,0,0,0,0,0,0,0,0,0,0,0,0,50000,1,0,0,0,0,0,0,0,0,0,0,0,0,0,0,0,0,0,0,0,0,0,0,0,0,0,0,0,0,350000,1,350000,1
290,Winthrop,50000,1,0,0,0,0,0,0,0,0,0,0,0,0,0,0,0,0,0,0,0,0,0,0,50000,1,0,0,0,0,100000,1,0,0,0,0,0,0,0,0,0,0,0,0,100000,1,50000,1
291,Ashburnham,0,0,0,0,0,0,0,0,0,0,0,0,0,0,0,0,0,0,0,0,0,0,0,0,0,0,0,0,0,0,0,0,0,0,0,0,0,0,0,0,0,0,0,0,0,0,0,0
292,Athol,0,0,0,0,0,0,0,0,0,0,0,0,0,0,0,0,0,0,0,0,0,0,0,0,0,0,0,0,0,0,0,0,0,0,0,0,0,0,0,0,0,0,0,0,0,0,0,0
293,Auburn,0,0,0,0,0,0,0,0,50000,1,0,0,0,0,150000,1,0,0,0,0,0,0,0,0,50000,1,0,0,0,0,0,0,0,0,0,0,0,0,0,0,50000,1,0,0,200000,2,0,0
294,Barre,0,0,0,0,0,0,0,0,0,0,0,0,0,0,0,0,0,0,0,0,0,0,0,0,75000,1,0,0,0,0,0,0,0,0,0,0,20000,1,20000,1,0,0,0,0,75000,1,0,0
295,Berlin,0,0,0,0,0,0,0,0,0,0,0,0,0,0,0,0,0,0,0,0,0,0,0,0,0,0,0,0,0,0,0,0,0,0,0,0,0,0,0,0,0,0,0,0,0,0,0,0
296,Blackstone,0,0,75000,1,0,0,0,0,0,0,0,0,0,0,0,0,0,0,75000,1,0,0,0,0,0,0,0,0,0,0,75000,1,0,0,0,0,0,0,0,0,0,0,75000,1,75000,1,0,0
297,Bolton,0,0,0,0,0,0,0,0,0,0,0,0,0,0,0,0,0,0,0,0,0,0,0,0,0,0,0,0,0,0,0,0,0,0,0,0,400000,1,0,0,0,0,0,0,400000,1,0,0
298,Boylston,0,0,0,0,0,0,0,0,0,0,0,0,0,0,0,0,0,0,0,0,0,0,0,0,0,0,0,0,0,0,0,0,0,0,0,0,0,0,0,0,0,0,0,0,0,0,0,0
299,Brookfield,0,0,0,0,0,0,0,0,0,0,0,0,0,0,0,0,0,0,0,0,0,0,0,0,0,0,0,0,0,0,0,0,0,0,0,0,0,0,0,0,0,0,0,0,0,0,0,0
300,Charlton,0,0,0,0,0,0,0,0,0,0,0,0,0,0,0,0,0,0,0,0,0,0,0,0,50000,1,0,0,0,0,0,0,0,0,0,0,0,0,50000,1,0,0,0,0,0,0,0,0
301,Clinton,0,0,100000,1,0,0,0,0,0,0,0,0,0,0,100000,1,0,0,0,0,0,0,0,0,200000,2,0,0,0,0,0,0,0,0,0,0,0,0,0,0,0,0,0,0,200000,2,0,0
302,Douglas,0,0,0,0,50000,1,0,0,0,0,0,0,0,0,0,0,0,0,0,0,0,0,40000,1,0,0,0,0,0,0,0,0,0,0,0,0,0,0,0,0,0,0,0,0,40000,1,0,0
303,Dudley,0,0,0,0,0,0,0,0,0,0,0,0,0,0,0,0,0,0,0,0,0,0,0,0,0,0,0,0,0,0,0,0,0,0,0,0,0,0,0,0,0,0,0,0,0,0,0,0
304,East Brookfield,0,0,0,0,0,0,0,0,0,0,0,0,0,0,0,0,0,0,0,0,0,0,0,0,0,0,0,0,0,0,0,0,0,0,0,0,0,0,0,0,0,0,0,0,0,0,0,0
305,Fitchburg,0,0,100000,1,0,0,3000000,1,0,0,150000,1,150000,1,0,0,0,0,100000,1,0,0,3000000,1,0,0,0,0,0,0,0,0,0,0,0,0,150000,1,0,0,100000,1,0,0,0,0,0,0
306,Gardner,275000,2,0,0,0,0,0,0,0,0,0,0,0,0,0,0,0,0,0,0,0,0,0,0,0,0,0,0,0,0,0,0,0,0,0,0,0,0,0,0,75000,1,0,0,0,0,0,0
307,Grafton,0,0,0,0,0,0,0,0,0,0,0,0,225000,2,0,0,0,0,0,0,0,0,0,0,0,0,0,0,0,0,0,0,0,0,0,0,0,0,0,0,0,0,0,0,225000,2,0,0
308,Hardwick,0,0,0,0,0,0,0,0,0,0,0,0,0,0,0,0,0,0,0,0,0,0,0,0,0,0,0,0,0,0,0,0,0,0,0,0,0,0,0,0,0,0,0,0,0,0,0,0
309,Harvard,0,0,0,0,0,0,0,0,0,0,0,0,0,0,0,0,0,0,0,0,0,0,0,0,0,0,0,0,0,0,0,0,0,0,0,0,0,0,0,0,0,0,0,0,0,0,0,0
310,Holden,0,0,0,0,0,0,0,0,0,0,0,0,0,0,0,0,0,0,0,0,0,0,0,0,0,0,0,0,0,0,0,0,0,0,0,0,0,0,0,0,0,0,0,0,100000,1,0,0
311,Hopedale,0,0,0,0,0,0,0,0,0,0,0,0,0,0,0,0,0,0,0,0,0,0,0,0,50000,1,0,0,0,0,0,0,0,0,0,0,0,0,0,0,0,0,0,0,50000,1,0,0
312,Hubbardston,0,0,30000,1,0,0,0,0,0,0,0,0,0,0,0,0,0,0,0,0,0,0,0,0,30000,1,0,0,0,0,0,0,0,0,0,0,0,0,0,0,0,0,0,0,0,0,0,0
313,Lancaster,0,0,0,0,0,0,0,0,0,0,0,0,0,0,0,0,0,0,0,0,0,0,0,0,0,0,0,0,0,0,0,0,0,0,0,0,0,0,0,0,0,0,0,0,0,0,0,0
314,Leicester,0,0,0,0,0,0,0,0,0,0,0,0,85000,1,0,0,0,0,0,0,0,0,0,0,0,0,0,0,0,0,0,0,0,0,0,0,0,0,0,0,0,0,0,0,85000,1,0,0
315,Leominster,0,0,0,0,0,0,0,0,0,0,0,0,650000,4,150000,1,0,0,0,0,0,0,0,0,0,0,0,0,0,0,0,0,0,0,0,0,0,0,0,0,0,0,0,0,500000,3,100000,1
316,Lunenburg,0,0,0,0,0,0,0,0,0,0,0,0,50000,1,0,0,0,0,0,0,0,0,0,0,0,0,0,0,0,0,0,0,0,0,0,0,0,0,0,0,0,0,0,0,0,0,0,0
317,Mendon,0,0,0,0,0,0,0,0,0,0,0,0,0,0,150000,1,0,0,0,0,0,0,0,0,0,0,0,0,0,0,0,0,0,0,0,0,0,0,0,0,0,0,0,0,0,0,150000,1
318,Milford,0,0,0,0,0,0,0,0,0,0,0,0,0,0,0,0,0,0,0,0,0,0,0,0,0,0,0,0,0,0,0,0,150000,1,0,0,150000,1,0,0,0,0,0,0,0,0,0,0
319,Millbury,0,0,0,0,0,0,0,0,0,0,0,0,25000,1,19000,1,0,0,25000,1,0,0,0,0,69000,2,0,0,0,0,50000,1,0,0,0,0,155000,2,25000,1,0,0,0,0,224000,4,0,0
320,Millville,0,0,0,0,0,0,0,0,0,0,0,0,45000,1,0,0,0,0,0,0,0,0,0,0,75000,1,0,0,0,0,0,0,0,0,0,0,0,0,0,0,0,0,0,0,120000,2,0,0
321,New Braintree,0,0,0,0,0,0,0,0,0,0,0,0,0,0,0,0,0,0,0,0,0,0,0,0,0,0,0,0,0,0,50000,1,0,0,0,0,0,0,0,0,0,0,0,0,50000,1,0,0
322,Northborough,0,0,0,0,0,0,0,0,0,0,0,0,0,0,0,0,0,0,0,0,0,0,0,0,0,0,0,0,0,0,0,0,0,0,0,0,0,0,0,0,0,0,0,0,0,0,0,0
323,Northbridge,50000,1,0,0,0,0,0,0,0,0,0,0,50000,1,0,0,0,0,0,0,0,0,0,0,100000,1,0,0,0,0,0,0,0,0,0,0,100000,1,100000,1,0,0,0,0,150000,2,0,0
324,North Brookfield,0,0,50000,1,0,0,0,0,0,0,0,0,0,0,0,0,0,0,0,0,0,0,0,0,0,0,0,0,0,0,0,0,0,0,0,0,0,0,0,0,0,0,0,0,50000,1,0,0
325,Oakham,0,0,0,0,0,0,0,0,0,0,0,0,0,0,0,0,0,0,0,0,0,0,0,0,0,0,0,0,0,0,0,0,0,0,0,0,0,0,0,0,0,0,0,0,0,0,0,0
326,Oxford,0,0,0,0,0,0,0,0,0,0,0,0,0,0,0,0,50000,1,0,0,0,0,0,0,0,0,0,0,0,0,0,0,0,0,0,0,0,0,0,0,0,0,0,0,50000,1,0,0
327,Paxton,0,0,0,0,0,0,0,0,0,0,0,0,0,0,0,0,0,0,0,0,0,0,0,0,0,0,0,0,0,0,0,0,0,0,0,0,0,0,0,0,0,0,0,0,0,0,0,0
328,Petersham,0,0,0,0,0,0,0,0,0,0,0,0,0,0,0,0,0,0,0,0,0,0,0,0,0,0,0,0,0,0,0,0,0,0,0,0,0,0,0,0,0,0,0,0,0,0,0,0
329,Phillipston,0,0,0,0,0,0,0,0,0,0,0,0,0,0,0,0,360000,1,0,0,0,0,0,0,0,0,0,0,0,0,0,0,0,0,0,0,0,0,0,0,0,0,0,0,0,0,0,0
330,Princeton,0,0,0,0,0,0,0,0,0,0,0,0,0,0,0,0,0,0,0,0,0,0,0,0,0,0,0,0,0,0,0,0,0,0,0,0,0,0,0,0,0,0,0,0,0,0,0,0
331,Royalston,0,0,0,0,0,0,0,0,0,0,0,0,0,0,0,0,0,0,0,0,0,0,0,0,0,0,0,0,0,0,0,0,0,0,0,0,0,0,0,0,0,0,0,0,0,0,0,0
332,Rutland,0,0,0,0,0,0,0,0,0,0,0,0,0,0,90000,1,0,0,90000,1,0,0,0,0,0,0,0,0,0,0,0,0,0,0,0,0,0,0,0,0,0,0,0,0,0,0,0,0
333,Shrewsbury,0,0,0,0,75000,1,0,0,0,0,0,0,50000,1,0,0,0,0,0,0,0,0,0,0,205000,1,0,0,0,0,0,0,0,0,0,0,0,0,0,0,205000,1,0,0,50000,1,205000,1
334,Southborough,0,0,0,0,0,0,0,0,100000,1,0,0,0,0,0,0,0,0,0,0,0,0,0,0,0,0,0,0,0,0,0,0,0,0,0,0,70000,1,0,0,1000000,1,0,0,170000,2,0,0
335,Southbridge,0,0,0,0,0,0,0,0,0,0,25000,1,0,0,0,0,0,0,25000,1,0,0,0,0,25000,1,0,0,0,0,0,0,0,0,0,0,0,0,0,0,0,0,0,0,0,0,0,0
336,Spencer,0,0,0,0,0,0,0,0,55000,1,0,0,55000,1,0,0,0,0,0,0,0,0,0,0,0,0,0,0,0,0,55000,1,0,0,0,0,0,0,0,0,0,0,0,0,55000,1,0,0
337,Sterling,0,0,0,0,0,0,0,0,0,0,0,0,0,0,100000,1,0,0,0,0,0,0,0,0,100000,1,0,0,0,0,0,0,0,0,0,0,100000,1,0,0,0,0,0,0,100000,1,0,0
338,Sturbridge,0,0,0,0,0,0,0,0,0,0,0,0,0,0,0,0,0,0,0,0,0,0,0,0,75000,1,0,0,0,0,0,0,0,0,0,0,0,0,0,0,0,0,0,0,0,0,0,0
339,Sutton,0,0,0,0,0,0,0,0,0,0,0,0,50000,1,100000,1,75000,1,0,0,0,0,0,0,0,0,0,0,0,0,150000,1,0,0,0,0,0,0,200000,1,0,0,0,0,250000,2,50000,1
340,Templeton,0,0,0,0,0,0,0,0,0,0,0,0,0,0,0,0,70000,1,0,0,0,0,0,0,0,0,0,0,0,0,0,0,0,0,70000,1,0,0,0,0,0,0,0,0,0,0,0,0
341,Upton,0,0,0,0,0,0,0,0,135000,2,0,0,0,0,0,0,0,0,0,0,0,0,0,0,0,0,0,0,0,0,35000,1,0,0,0,0,0,0,0,0,0,0,0,0,100000,1,35000,1
342,Uxbridge,0,0,0,0,0,0,0,0,0,0,0,0,0,0,0,0,0,0,0,0,0,0,0,0,0,0,0,0,0,0,0,0,0,0,0,0,0,0,0,0,0,0,0,0,0,0,0,0
343,Warren,0,0,0,0,0,0,0,0,0,0,0,0,100000,1,0,0,0,0,0,0,0,0,0,0,0,0,0,0,0,0,0,0,0,0,0,0,0,0,0,0,0,0,0,0,0,0,0,0
344,Webster,0,0,0,0,0,0,50000,1,0,0,0,0,50000,1,0,0,30000,1,0,0,0,0,0,0,0,0,0,0,0,0,200000,1,0,0,0,0,50000,1,0,0,0,0,0,0,0,0,0,0
345,Westborough,0,0,0,0,25000,1,0,0,0,0,0,0,0,0,0,0,0,0,0,0,0,0,0,0,0,0,0,0,0,0,0,0,0,0,0,0,0,0,0,0,0,0,0,0,0,0,0,0
346,West Boylston,0,0,0,0,0,0,0,0,130000,1,0,0,0,0,0,0,0,0,0,0,0,0,0,0,0,0,0,0,0,0,0,0,0,0,0,0,0,0,0,0,0,0,0,0,0,0,130000,1
347,West Brookfield,0,0,0,0,0,0,0,0,0,0,0,0,0,0,0,0,0,0,0,0,0,0,0,0,0,0,0,0,0,0,0,0,0,0,0,0,0,0,0,0,0,0,0,0,0,0,0,0
348,Westminster,100000,1,0,0,0,0,0,0,0,0,0,0,0,0,0,0,50000,1,0,0,0,0,0,0,100000,1,0,0,100000,1,0,0,0,0,0,0,0,0,0,0,0,0,0,0,50000,1,0,0
349,Winchendon,0,0,0,0,0,0,0,0,0,0,0,0,0,0,100000,1,0,0,0,0,0,0,0,0,0,0,0,0,0,0,0,0,0,0,0,0,0,0,0,0,0,0,0,0,100000,1,0,0
350,Worcester,450000,1,525000,4,1500000,2,725000,3,1325000,3,50000,1,450000,1,900000,3,0,0,1500000,2,0,0,0,0,25000,1,0,0,1175000,5,525000,2,0,0,0,0,650000,3,50000,1,550000,2,0,0,1525000,5,0,0
