,Geographic Area Name,Estimate!!Total:,Margin of Error!!Total:,Estimate!!Total:!!Housing units with a mortgage:,Margin of Error!!Total:!!Housing units with a mortgage:,Estimate!!Total:!!Housing units with a mortgage:!!Less than 10.0 percent,Margin of Error!!Total:!!Housing units with a mortgage:!!Less than 10.0 percent,Estimate!!Total:!!Housing units with a mortgage:!!10.0 to 14.9 percent,Margin of Error!!Total:!!Housing units with a mortgage:!!10.0 to 14.9 percent,Estimate!!Total:!!Housing units with a mortgage:!!15.0 to 19.9 percent,Margin of Error!!Total:!!Housing units with a mortgage:!!15.0 to 19.9 percent,Estimate!!Total:!!Housing units with a mortgage:!!20.0 to 24.9 percent,Margin of Error!!Total:!!Housing units with a mortgage:!!20.0 to 24.9 percent,Estimate!!Total:!!Housing units with a mortgage:!!25.0 to 29.9 percent,Margin of Error!!Total:!!Housing units with a mortgage:!!25.0 to 29.9 percent,Estimate!!Total:!!Housing units with a mortgage:!!30.0 to 34.9 percent,Margin of Error!!Total:!!Housing units with a mortgage:!!30.0 to 34.9 percent,Estimate!!Total:!!Housing units with a mortgage:!!35.0 to 39.9 percent,Margin of Error!!Total:!!Housing units with a mortgage:!!35.0 to 39.9 percent,Estimate!!Total:!!Housing units with a mortgage:!!40.0 to 49.9 percent,Margin of Error!!Total:!!Housing units with a mortgage:!!40.0 to 49.9 percent,Estimate!!Total:!!Housing units with a mortgage:!!50.0 percent or more,Margin of Error!!Total:!!Housing units with a mortgage:!!50.0 percent or more,Estimate!!Total:!!Housing units with a mortgage:!!Not computed,Margin of Error!!Total:!!Housing units with a mortgage:!!Not computed,Estimate!!Total:!!Housing units without a mortgage:,Margin of Error!!Total:!!Housing units without a mortgage:,Estimate!!Total:!!Housing units without a mortgage:!!Less than 10.0 percent,Margin of Error!!Total:!!Housing units without a mortgage:!!Less than 10.0 percent,Estimate!!Total:!!Housing units without a mortgage:!!10.0 to 14.9 percent,Margin of Error!!Total:!!Housing units without a mortgage:!!10.0 to 14.9 percent,Estimate!!Total:!!Housing units without a mortgage:!!15.0 to 19.9 percent,Margin of Error!!Total:!!Housing units without a mortgage:!!15.0 to 19.9 percent,Estimate!!Total:!!Housing units without a mortgage:!!20.0 to 24.9 percent,Margin of Error!!Total:!!Housing units without a mortgage:!!20.0 to 24.9 percent,Estimate!!Total:!!Housing units without a mortgage:!!25.0 to 29.9 percent,Margin of Error!!Total:!!Housing units without a mortgage:!!25.0 to 29.9 percent,Estimate!!Total:!!Housing units without a mortgage:!!30.0 to 34.9 percent,Margin of Error!!Total:!!Housing units without a mortgage:!!30.0 to 34.9 percent,Estimate!!Total:!!Housing units without a mortgage:!!35.0 to 39.9 percent,Margin of Error!!Total:!!Housing units without a mortgage:!!35.0 to 39.9 percent,Estimate!!Total:!!Housing units without a mortgage:!!40.0 to 49.9 percent,Margin of Error!!Total:!!Housing units without a mortgage:!!40.0 to 49.9 percent,Estimate!!Total:!!Housing units without a mortgage:!!50.0 percent or more,Margin of Error!!Total:!!Housing units without a mortgage:!!50.0 percent or more,Estimate!!Total:!!Housing units without a mortgage:!!Not computed,Margin of Error!!Total:!!Housing units without a mortgage:!!Not computed,id
1,Barnstable,14089,542,9299,509,555,153,1015,189,1530,240,1397,221,1088,224,740,159,761,172,665,174,1472,252,76,57,4790,356,1669,249,917,173,648,163,417,137,168,58,271,132,146,94,156,72,371,91,27,25,0600000US2500103690
2,Bourne,6236,356,3955,330,232,84,614,148,583,154,600,172,546,149,352,130,371,162,225,102,432,146,0,19,2281,306,771,220,405,134,263,119,92,54,208,123,119,88,76,65,106,83,241,102,0,19,0600000US2500107175
3,Brewster,3547,247,2258,235,104,61,496,165,298,114,334,134,217,98,198,80,140,86,144,82,327,116,0,17,1289,190,289,100,296,104,346,141,111,61,15,24,68,74,15,23,106,81,29,44,14,22,0600000US2500107980
4,Chatham,2441,149,1308,158,79,44,163,66,241,83,152,64,157,75,123,52,82,44,120,79,183,69,8,13,1133,182,374,108,277,89,84,46,139,57,58,38,0,17,61,38,62,55,59,36,19,21,0600000US2500112995
5,Dennis,5047,319,2894,272,135,67,408,103,639,122,388,117,344,127,173,64,164,64,213,80,417,133,13,20,2153,210,831,132,467,122,262,96,165,68,117,70,38,29,44,46,96,56,123,62,10,15,0600000US2500116775
6,Eastham,2173,157,1188,157,90,47,104,42,191,89,123,60,154,71,104,62,91,49,87,48,244,103,0,12,985,190,287,82,185,88,123,69,203,122,35,56,18,19,18,20,45,51,71,57,0,12,0600000US2500119295
7,Falmouth,10764,445,6355,364,490,150,859,171,1091,212,822,156,433,105,584,151,359,126,715,174,965,235,37,44,4409,383,1722,266,804,163,536,157,245,93,369,125,278,114,27,28,155,63,265,96,8,12,0600000US2500123105
8,Harwich,4601,268,2752,236,142,67,324,118,289,113,383,126,327,124,235,104,133,57,207,66,703,184,9,14,1849,219,684,140,293,102,212,59,149,60,91,65,41,31,108,69,173,97,88,52,10,16,0600000US2500129020
9,Mashpee,5508,262,3656,245,217,87,376,90,436,109,538,140,544,127,254,97,383,171,306,132,602,144,0,19,1852,178,735,133,261,70,115,48,174,55,202,71,99,51,48,30,47,34,163,73,8,13,0600000US2500139100
10,Orleans,2249,139,1004,149,65,30,25,25,204,97,170,71,144,86,26,29,51,39,93,62,226,84,0,17,1245,149,387,93,312,95,185,99,76,43,101,55,44,31,20,22,29,28,69,39,22,24,0600000US2500151440
11,Provincetown,1337,119,740,119,81,44,67,37,53,34,48,33,72,41,36,34,109,69,52,41,213,72,9,14,597,119,162,72,51,33,83,56,71,54,53,33,35,43,0,12,38,29,104,65,0,12,0600000US2500155500
12,Sandwich,7107,309,5083,308,209,90,352,119,1032,187,1082,186,713,201,328,122,204,92,265,94,866,189,32,39,2024,281,722,170,523,158,254,92,91,49,134,97,41,35,54,36,30,30,175,78,0,23,0600000US2500159735
13,Truro,495,122,292,81,7,10,17,17,61,31,26,31,60,59,58,38,23,37,22,34,18,21,0,12,203,88,73,50,0,12,30,35,8,11,36,42,0,12,29,45,20,32,7,11,0,12,0600000US2500170605
14,Wellfleet,1358,166,552,123,10,16,56,38,103,65,40,30,61,62,76,63,66,36,29,26,111,79,0,12,806,159,352,118,175,74,64,54,67,38,37,29,68,58,0,12,11,17,22,25,10,15,0600000US2500174385
15,Yarmouth,8335,322,5053,331,358,102,593,166,701,195,755,232,562,172,399,123,322,127,376,130,954,183,33,35,3282,312,1018,165,687,170,483,139,313,101,155,73,121,67,97,62,53,42,326,101,29,28,0600000US2500182525
16,Adams,2264,166,1424,152,166,60,301,81,275,86,201,88,90,44,99,52,35,25,111,71,146,64,0,17,840,102,203,64,179,62,132,46,128,52,49,46,36,25,35,25,29,29,41,26,8,13,0600000US2500300555
17,Alford,191,34,94,22,11,7,18,9,8,8,21,11,5,7,12,12,3,4,3,6,13,8,0,12,97,32,41,17,19,18,3,4,10,7,2,4,0,12,2,3,3,4,7,6,10,13,0600000US2500300975
18,Becket,755,76,476,61,29,20,51,24,117,42,51,22,76,27,56,37,20,12,30,20,46,17,0,12,279,53,84,24,64,27,48,29,12,11,14,17,25,14,3,4,22,21,7,7,0,12,0600000US2500304545
19,Cheshire,1206,125,779,139,40,32,145,65,242,126,16,20,73,51,50,41,10,16,58,40,133,78,12,18,427,90,140,62,130,63,66,41,12,18,5,9,25,26,0,12,12,19,37,33,0,12,0600000US2500313345
20,Clarksburg,653,38,461,41,40,17,87,29,84,23,90,28,59,20,22,13,17,10,20,11,42,23,0,12,192,34,67,18,41,15,34,21,25,19,10,8,5,7,3,5,0,12,7,7,0,12,0600000US2500314010
21,Dalton,2286,238,1489,219,36,39,305,117,261,143,348,172,200,107,71,53,61,54,150,126,57,45,0,17,797,182,232,106,228,99,110,68,34,38,65,63,0,17,16,25,17,26,74,55,21,34,0600000US2500316180
22,Egremont,512,68,315,59,37,22,28,16,46,18,52,26,32,22,32,28,18,14,45,25,25,12,0,12,197,54,85,39,29,20,24,21,14,18,12,11,17,17,10,16,3,6,3,5,0,12,0600000US2500321360
23,Florida,273,42,174,32,2,4,54,21,37,20,11,7,12,13,21,16,7,5,8,6,22,13,0,12,99,29,35,15,26,17,12,7,8,6,5,4,2,3,0,12,2,4,7,6,2,3,0600000US2500324120
24,Great Barrington,1916,244,1183,196,63,58,134,92,194,102,209,112,100,83,98,66,115,75,39,43,231,119,0,17,733,199,140,92,118,85,57,53,70,58,133,130,0,17,41,65,17,27,157,106,0,17,0600000US2500326815
25,Hancock,190,35,95,22,12,8,12,7,22,15,14,7,13,6,6,5,2,4,2,3,12,8,0,12,95,29,57,22,13,8,14,12,7,10,0,12,0,12,0,12,0,12,2,4,2,3,0600000US2500328180
26,Hinsdale,618,60,373,61,38,27,29,19,82,44,101,48,16,15,43,41,0,12,23,24,41,23,0,12,245,51,68,27,38,31,56,32,17,16,34,20,10,12,5,8,0,12,17,14,0,12,0600000US2500330315
27,Lanesborough,1073,106,816,108,65,56,122,70,177,69,30,28,44,37,76,47,92,66,89,51,121,84,0,12,257,95,65,45,62,44,20,26,62,63,20,24,0,12,0,12,0,12,14,22,14,22,0600000US2500334340
28,Lee,1548,197,978,178,42,48,97,89,317,140,191,97,139,77,94,83,5,9,10,16,83,54,0,17,570,146,199,106,49,39,59,42,85,43,46,74,0,17,48,47,24,27,37,33,23,25,0600000US2500334655
29,Lenox,1493,178,848,134,57,50,160,70,159,76,142,82,74,54,70,56,52,47,63,50,71,52,0,12,645,142,359,132,119,68,65,41,0,12,0,12,34,40,0,12,16,26,52,51,0,12,0600000US2500334970
30,Monterey,316,51,151,36,11,9,27,13,22,11,12,9,14,15,16,17,3,4,2,5,41,27,3,4,165,42,74,31,9,7,28,17,9,6,14,16,3,4,2,5,9,15,17,15,0,12,0600000US2500342460
31,Mount Washington,78,21,42,14,3,4,9,6,0,12,7,5,2,3,4,4,1,3,1,2,15,12,0,12,36,16,14,10,5,4,2,3,10,10,0,12,3,4,0,12,2,6,0,12,0,12,0600000US2500343300
32,New Ashford,98,21,54,18,11,8,23,14,0,12,6,5,7,8,2,3,0,12,2,4,0,12,3,6,44,15,13,8,10,8,1,3,4,5,5,4,3,3,0,12,0,12,8,8,0,12,0600000US2500344385
33,New Marlborough,602,64,394,59,36,25,22,12,57,22,63,31,38,19,59,31,14,12,32,23,73,33,0,12,208,53,88,40,40,27,28,25,11,9,27,19,0,12,3,5,0,12,11,9,0,12,0600000US2500345420
34,North Adams,3198,280,2025,220,120,60,410,123,494,147,357,107,130,60,70,38,18,18,111,71,254,99,61,56,1173,186,243,100,325,91,128,63,145,93,95,70,46,37,39,28,46,34,95,60,11,14,0600000US2500346225
35,Otis,595,74,374,71,44,28,74,40,82,42,47,23,32,16,32,24,3,4,24,15,36,17,0,12,221,47,105,31,52,32,16,10,16,14,11,16,8,9,0,12,0,12,13,8,0,12,0600000US2500351580
36,Peru,325,34,221,39,28,11,16,11,32,19,22,11,16,9,20,13,31,15,17,14,39,19,0,12,104,27,43,14,33,20,8,6,7,6,4,5,9,13,0,12,0,12,0,12,0,12,0600000US2500353050
37,Pittsfield,11935,411,7927,402,427,123,1293,277,1626,301,1305,227,741,172,592,154,263,102,579,192,1079,216,22,24,4008,354,1379,195,735,197,445,121,358,99,300,78,151,81,130,67,135,71,340,107,35,34,0600000US2500353960
38,Richmond,644,44,346,39,41,20,41,21,76,26,50,17,28,15,27,14,7,7,36,19,40,15,0,12,298,43,128,31,42,20,35,15,30,16,7,7,3,4,6,6,20,10,27,20,0,12,0600000US2500356795
39,Sandisfield,348,42,222,38,19,12,16,13,47,20,35,18,40,19,8,7,9,8,21,15,27,13,0,12,126,31,63,24,21,8,13,9,9,7,2,3,0,12,0,12,2,4,16,14,0,12,0600000US2500359665
40,Savoy,269,29,165,27,10,8,20,14,39,13,19,9,24,12,5,4,27,17,2,3,19,14,0,12,104,25,30,12,22,13,24,13,14,9,0,12,6,5,0,12,3,4,5,5,0,12,0600000US2500360225
41,Sheffield,1165,112,716,118,97,62,94,58,63,44,126,69,47,39,72,51,19,21,93,76,105,65,0,12,449,120,206,100,92,39,35,28,19,21,0,12,11,16,10,15,36,35,40,34,0,12,0600000US2500361065
42,Stockbridge,546,79,219,71,21,22,45,33,23,19,6,10,19,21,33,30,11,17,0,12,61,35,0,12,327,77,89,41,55,36,26,24,39,28,10,11,13,16,17,19,22,24,46,35,10,15,0600000US2500367595
43,Tyringham,169,32,77,20,3,4,23,16,10,8,18,10,4,7,2,3,1,2,10,6,6,5,0,12,92,29,53,16,17,12,5,5,7,6,2,3,3,3,0,12,0,12,0,12,5,7,0600000US2500371095
44,Washington,231,33,153,26,9,7,26,15,39,16,6,6,9,8,7,9,5,7,7,5,41,19,4,5,78,20,37,12,12,8,15,9,5,5,0,12,0,12,6,5,0,12,0,12,3,4,0600000US2500373335
45,West Stockbridge,400,47,217,44,15,10,17,10,49,22,50,22,9,9,31,23,22,21,14,16,10,11,0,12,183,39,61,23,40,20,50,27,8,6,10,12,5,6,4,5,5,7,0,12,0,12,0600000US2500377990
46,Williamstown,1665,180,917,135,34,24,227,83,150,52,175,76,70,41,81,42,49,32,17,20,114,53,0,17,748,136,250,76,141,45,159,49,24,21,45,32,8,12,11,12,43,30,61,61,6,8,0600000US2500379985
47,Windsor,366,45,277,43,15,8,62,20,22,10,46,19,20,14,32,14,4,5,17,14,59,29,0,12,89,24,55,16,7,5,13,6,6,7,8,11,0,12,0,12,0,12,0,12,0,12,0600000US2500380685
48,"County subdivisions not defined, Bristol County, Massachusetts",0,12,0,12,0,12,0,12,0,12,0,12,0,12,0,12,0,12,0,12,0,12,0,12,0,12,0,12,0,12,0,12,0,12,0,12,0,12,0,12,0,12,0,12,0,12,0600000US2500500000
49,Acushnet,3554,214,2476,221,138,86,276,112,592,202,526,165,260,104,224,105,117,97,85,59,251,117,7,12,1078,170,348,108,343,120,70,46,53,39,70,45,72,61,28,27,48,48,46,31,0,19,0600000US2500500520
50,Attleboro,12166,517,8572,512,345,125,1199,220,1938,274,1548,267,1302,220,647,175,539,155,429,144,605,195,20,32,3594,355,1200,221,575,174,333,122,287,149,236,119,208,119,228,138,163,132,364,152,0,26,0600000US2500502690
51,Berkley,2309,145,1722,168,70,73,384,160,259,107,425,175,151,90,144,80,30,33,63,57,196,116,0,17,587,155,233,137,70,57,129,80,49,45,16,25,19,30,0,17,37,43,18,29,16,27,0600000US2500505280
52,Dartmouth,9083,372,5795,325,388,96,904,202,1413,223,895,172,681,158,389,134,328,112,236,113,529,135,32,39,3288,294,1284,207,585,149,331,99,244,116,145,75,146,70,125,83,175,95,226,96,27,29,0600000US2500516425
53,Dighton,2561,177,1710,211,30,34,297,110,348,116,270,120,223,103,63,57,92,86,90,75,297,150,0,17,851,223,301,120,175,109,84,62,83,110,0,17,92,85,0,17,18,30,98,108,0,17,0600000US2500516950
54,Easton,6551,263,4713,268,252,84,706,136,1171,189,858,166,533,128,332,105,214,75,210,79,424,131,13,15,1838,222,702,153,334,100,267,102,221,79,65,41,53,41,24,20,29,26,143,60,0,23,0600000US2500520100
55,Fairhaven,4830,292,3262,261,149,74,473,98,773,154,428,107,328,108,247,115,117,64,272,115,447,130,28,31,1568,249,498,148,324,115,155,62,133,60,89,56,60,48,62,44,44,31,143,63,60,51,0600000US2500522130
56,Fall River,13964,607,8956,532,447,155,1117,219,1745,348,1433,258,1017,203,790,182,403,143,564,165,1391,266,49,38,5008,449,1446,222,1129,241,688,181,482,128,337,101,191,85,36,26,244,94,399,129,56,39,0600000US2500523000
57,Freetown,2963,157,2077,137,126,55,358,106,238,87,350,92,298,85,137,52,116,57,183,102,258,101,13,20,886,146,241,79,251,96,137,56,55,37,20,23,65,55,9,14,42,29,59,32,7,12,0600000US2500525240
58,Mansfield,6271,359,4789,348,535,138,789,182,1176,228,790,190,530,141,313,123,194,87,189,102,273,110,0,23,1482,250,683,179,379,120,186,84,59,45,60,61,24,28,31,36,0,23,48,47,12,18,0600000US2500538225
59,New Bedford,15626,485,9806,455,425,118,1508,213,1635,255,1834,262,853,156,971,168,362,96,583,135,1546,247,89,59,5820,417,1721,244,1113,203,629,122,674,125,302,89,252,82,180,68,235,80,651,174,63,30,0600000US2500545000
60,"North Attleborough town, Bristol County, Massachusetts",7435,336,5571,281,408,133,882,164,1439,249,949,188,568,136,464,148,253,111,241,123,351,117,16,24,1864,235,679,154,391,125,356,105,48,41,75,48,51,42,45,54,34,36,134,102,51,46,0600000US2500546575
61,Norton,5596,250,4009,251,239,112,611,139,1101,183,729,154,433,110,313,94,142,65,116,60,325,122,0,19,1587,174,710,153,240,80,160,63,103,65,70,53,74,54,63,48,59,42,108,57,0,19,0600000US2500549970
62,Raynham,4230,223,2912,223,228,85,348,116,608,160,538,160,457,158,201,100,97,66,137,70,285,126,13,23,1318,209,343,109,351,129,143,76,76,55,132,72,7,11,7,14,139,117,120,52,0,19,0600000US2500556060
63,Rehoboth,3765,214,2892,236,204,91,400,114,721,192,470,139,368,143,177,87,131,79,185,132,236,86,0,19,873,187,303,123,146,70,106,60,98,68,61,51,61,58,0,19,58,74,40,38,0,19,0600000US2500556375
64,Seekonk,5069,320,3451,313,291,142,719,191,814,229,439,160,268,105,230,128,210,156,103,79,377,143,0,19,1618,243,642,153,320,145,117,59,136,79,128,64,79,87,0,19,72,90,109,101,15,25,0600000US2500560645
65,Somerset,5568,311,3613,291,171,92,529,199,673,145,730,201,543,154,145,71,276,111,194,91,352,138,0,19,1955,274,627,147,378,128,268,102,105,62,105,73,153,100,111,64,27,33,169,83,12,19,0600000US2500562430
66,Swansea,5613,255,3759,262,72,58,468,147,848,180,796,161,479,159,206,108,168,136,251,139,471,181,0,19,1854,257,741,187,308,112,223,115,197,118,96,66,10,17,73,56,59,45,147,86,0,19,0600000US2500568750
67,Taunton,13951,508,9536,500,599,187,1284,264,1805,281,1667,302,1035,232,859,216,443,128,607,198,1194,244,43,49,4415,393,1536,232,849,247,517,134,294,128,252,87,149,76,96,63,194,113,411,165,117,69,0600000US2500569170
68,Westport,5403,287,3250,346,142,75,354,127,830,201,640,208,430,152,170,109,189,108,100,82,395,157,0,19,2153,293,914,226,317,117,188,99,180,89,164,98,106,93,19,23,86,52,179,103,0,19,0600000US2500577570
69,Aquinnah,141,36,81,24,7,11,4,4,6,7,13,9,13,13,4,5,5,6,3,4,25,15,1,3,60,24,19,12,6,7,12,12,11,14,2,3,2,3,0,12,0,12,8,9,0,12,0600000US2500701585
70,Chilmark,363,80,159,45,12,10,15,11,42,25,6,6,3,5,9,8,3,6,24,29,45,20,0,12,204,66,89,34,17,17,24,18,13,9,7,7,4,6,0,12,7,7,43,29,0,12,0600000US2500713800
71,Edgartown,1127,186,543,144,16,19,69,81,164,102,52,50,21,21,53,67,15,17,49,40,104,63,0,12,584,164,187,80,40,37,126,76,23,24,51,47,41,50,46,49,7,11,29,37,34,57,0600000US2500721150
72,Gosnold,22,11,12,9,0,12,1,3,0,12,2,3,5,6,0,12,0,12,2,3,2,3,0,12,10,6,3,4,1,2,2,3,2,3,0,12,0,12,0,12,0,12,2,3,0,12,0600000US2500726325
73,Oak Bluffs,1299,202,812,213,0,12,72,61,118,77,141,117,106,81,53,72,35,55,93,79,194,131,0,12,487,159,81,76,131,97,30,48,0,12,0,12,65,78,0,12,74,85,106,97,0,12,0600000US2500750390
74,Tisbury,1007,164,427,128,17,28,30,36,54,49,50,45,94,74,26,32,83,70,0,12,73,49,0,12,580,143,96,56,77,75,92,76,161,95,44,53,0,12,34,37,6,11,70,62,0,12,0600000US2500769940
75,West Tisbury,934,181,570,152,0,12,91,78,115,97,44,43,8,11,48,42,60,57,69,51,135,82,0,12,364,138,80,60,104,85,44,54,22,22,63,67,20,20,0,12,0,12,31,30,0,12,0600000US2500778235
76,"County subdivisions not defined, Essex County, Massachusetts",0,12,0,12,0,12,0,12,0,12,0,12,0,12,0,12,0,12,0,12,0,12,0,12,0,12,0,12,0,12,0,12,0,12,0,12,0,12,0,12,0,12,0,12,0,12,0600000US2500900000
77,Amesbury,5062,272,3790,274,153,81,461,144,728,130,793,180,471,144,429,104,196,92,218,95,341,105,0,19,1272,176,279,97,257,81,232,84,163,59,52,30,52,37,33,30,90,59,72,42,42,43,0600000US2500901260
78,Andover,10412,318,7297,358,532,128,1270,206,1532,269,1330,247,884,221,487,143,257,89,285,107,720,136,0,26,3115,292,1198,209,662,146,365,105,210,83,217,87,55,47,32,31,75,54,251,133,50,38,0600000US2500901465
79,Beverly,9952,411,7614,415,464,135,915,179,1789,262,1337,242,950,209,649,197,301,123,381,122,828,181,0,26,2338,231,807,157,423,123,239,101,305,106,129,73,153,85,48,43,52,49,167,69,15,16,0600000US2500905595
80,Boxford,2773,112,2073,147,154,88,372,164,393,142,381,161,188,92,80,62,178,88,83,78,244,102,0,17,700,151,219,105,241,100,89,66,38,42,13,22,0,17,0,17,0,17,82,58,18,29,0600000US2500907420
81,Danvers,7626,337,5335,300,333,137,590,181,1089,196,1010,174,650,161,387,128,322,98,285,113,611,200,58,48,2291,244,673,159,547,134,167,73,179,76,180,94,126,107,30,34,126,59,174,79,89,87,0600000US2500916250
82,Essex,1197,90,845,105,32,29,87,65,182,62,88,43,58,36,46,37,106,67,50,30,163,79,33,49,352,104,76,59,52,43,8,12,65,46,53,36,0,12,0,12,48,45,50,35,0,12,0600000US2500921850
83,Georgetown,2663,124,2086,155,104,47,358,106,492,104,430,116,284,83,167,62,59,49,57,35,135,61,0,17,577,110,228,78,135,54,81,49,56,36,21,22,0,17,12,18,25,23,19,22,0,17,0600000US2500925625
84,Gloucester,8395,333,5383,329,292,76,646,158,772,179,939,183,626,155,491,149,308,107,472,141,798,150,39,33,3012,307,890,169,514,123,323,101,256,76,234,72,154,76,156,89,127,82,342,108,16,16,0600000US2500926150
85,Groveland,2133,163,1488,176,17,23,238,92,265,109,316,114,147,79,103,62,76,56,119,106,207,114,0,17,645,156,259,114,117,71,38,37,99,63,0,17,51,79,14,23,12,20,43,41,12,21,0600000US2500927620
86,Hamilton,2200,154,1615,160,102,62,219,73,327,96,255,76,172,67,104,66,91,51,141,86,193,83,11,17,585,120,162,64,146,51,75,44,28,27,43,30,12,16,7,10,23,22,89,59,0,17,0600000US2500927900
87,Haverhill,13850,552,10383,498,734,183,1463,305,1959,252,1806,251,1094,187,851,195,558,138,554,137,1364,205,0,29,3467,357,952,177,758,167,610,142,306,90,245,92,131,62,87,69,143,93,191,72,44,44,0600000US2500929405
88,Ipswich,4131,207,2947,219,211,82,431,121,443,101,530,128,358,116,283,95,145,76,112,44,397,103,37,34,1184,161,457,116,248,89,169,75,89,54,0,19,18,21,26,30,41,38,121,66,15,24,0600000US2500932310
89,Lawrence,8050,580,6396,505,391,124,699,233,833,221,856,200,662,177,503,152,479,176,650,182,1279,279,44,41,1654,249,518,141,354,138,207,81,81,49,99,57,48,44,115,70,66,46,160,66,6,10,0600000US2500934550
90,Lynn,14631,562,11135,484,391,119,1169,213,1653,229,1985,273,1586,263,775,153,693,172,954,222,1897,275,32,38,3496,296,1035,154,715,146,401,97,350,113,107,46,158,89,206,92,134,63,323,106,67,44,0600000US2500937490
91,Lynnfield,3905,187,2686,200,188,86,349,135,522,151,442,138,340,152,223,86,69,61,222,102,308,94,23,38,1219,193,364,96,299,113,102,50,185,127,36,33,35,32,87,72,40,43,71,39,0,19,0600000US2500937560
92,Manchester-by-the-Sea,1581,127,1127,162,116,64,188,84,265,107,132,72,130,78,28,33,89,68,102,66,77,54,0,17,454,101,183,84,102,54,13,20,76,78,32,33,15,25,0,17,0,17,27,21,6,13,0600000US2500937995
93,Marblehead,6318,256,4361,278,508,145,792,167,701,137,757,157,354,92,251,118,217,90,222,90,553,144,6,11,1957,206,779,157,173,83,163,75,226,85,139,90,69,41,77,47,31,36,250,104,50,46,0600000US2500938400
94,Merrimac,2360,206,1594,201,140,93,242,106,208,114,325,160,159,91,188,145,106,56,63,51,151,80,12,19,766,151,238,122,181,83,49,42,113,65,0,17,30,41,40,38,62,44,53,49,0,17,0600000US2500940430
95,Methuen,12859,489,9341,434,576,155,1165,228,1872,259,1733,282,1223,244,630,169,616,167,445,125,1058,238,23,27,3518,328,1130,185,527,134,481,160,396,117,214,104,174,69,98,51,212,109,237,105,49,40,0600000US2500940710
96,Middleton,2650,193,1929,183,166,83,199,90,292,116,431,142,181,84,216,116,92,69,176,93,176,92,0,17,721,179,154,94,157,80,120,86,33,39,47,43,12,21,64,47,82,61,52,47,0,17,0600000US2500941095
97,Nahant,1129,121,670,112,46,34,114,55,41,31,121,49,90,42,91,54,0,12,57,36,110,52,0,12,459,98,123,55,90,56,46,34,59,44,47,36,9,14,16,18,19,21,32,28,18,21,0600000US2500943580
98,Newbury,2226,179,1631,180,176,113,329,134,301,128,163,75,98,60,70,54,90,62,163,121,241,132,0,17,595,161,212,88,139,76,87,58,0,17,27,30,0,17,29,32,0,17,101,86,0,17,0600000US2500945175
99,Newburyport,6049,343,4237,334,253,93,739,166,902,178,824,196,457,163,298,104,241,95,153,82,357,139,13,23,1812,263,573,161,355,110,218,91,202,99,66,50,41,35,76,46,100,69,181,80,0,19,0600000US2500945245
100,North Andover,7929,388,5934,369,547,154,936,162,1127,175,932,164,605,122,572,171,446,159,276,126,467,98,26,30,1995,237,740,160,397,134,244,121,170,76,129,66,51,52,53,44,60,40,142,74,9,16,0600000US2500946365
101,Peabody,14290,553,9098,482,744,180,1164,226,2112,336,1601,298,836,185,577,176,364,115,439,164,1224,249,37,44,5192,442,2012,329,1140,233,691,188,338,155,137,75,203,89,53,61,111,66,426,162,81,67,0600000US2500952490
102,Rockport,2292,179,1373,147,87,45,225,80,215,85,114,45,127,62,130,62,70,43,143,87,255,76,7,10,919,126,312,86,151,57,116,56,104,45,41,44,43,46,26,23,51,48,65,33,10,15,0600000US2500957880
103,Rowley,1796,140,1336,143,147,101,198,104,217,110,357,125,141,83,19,29,33,35,137,64,87,56,0,17,460,126,117,72,197,94,35,40,50,42,33,37,18,27,0,17,0,17,10,17,0,17,0600000US2500958405
104,Salem,9501,607,6875,527,337,120,838,190,1169,232,1273,227,823,186,684,181,346,104,399,142,995,257,11,18,2626,363,723,172,488,156,448,122,204,75,115,85,128,72,92,60,79,50,323,117,26,27,0600000US2500959105
105,Salisbury,3176,190,2101,183,73,46,239,86,420,119,378,107,397,120,171,79,47,31,88,60,288,109,0,17,1075,164,224,78,147,72,221,76,145,73,59,43,53,39,36,29,81,44,100,87,9,14,0600000US2500959245
106,Saugus,8401,368,5408,402,586,183,400,152,858,197,932,221,689,222,513,157,236,96,479,153,701,185,14,20,2993,427,854,201,829,322,385,180,187,91,192,92,127,101,57,41,112,68,235,106,15,18,0600000US2500960015
107,Swampscott,4458,267,3327,231,197,88,446,122,552,134,571,143,462,175,300,108,125,71,341,140,333,120,0,19,1131,190,282,107,196,76,124,96,88,64,94,61,51,42,16,25,96,80,184,78,0,19,0600000US2500968645
108,Topsfield,1992,165,1383,172,131,84,235,95,165,86,312,118,75,61,126,86,60,49,120,116,159,77,0,17,609,144,172,89,68,45,98,65,13,21,90,77,54,52,0,17,42,38,72,54,0,17,0600000US2500970150
109,Wenham,1276,89,783,80,75,42,73,34,180,64,156,67,46,34,39,48,17,16,73,46,124,60,0,17,493,81,111,51,91,45,44,34,56,32,50,33,7,11,18,20,32,28,74,40,10,17,0600000US2500974595
110,West Newbury,1541,93,1039,103,38,26,185,79,302,76,139,69,158,87,36,24,19,21,71,44,91,43,0,12,502,98,184,75,98,50,71,60,36,32,38,30,8,13,19,21,18,20,30,29,0,12,0600000US2500977150
111,Ashfield,538,56,338,55,26,19,33,17,48,17,44,22,44,16,21,13,22,18,44,21,56,31,0,12,200,35,77,21,37,18,23,13,28,20,6,6,9,7,10,11,0,12,6,6,4,5,0600000US2501102095
112,Bernardston,697,62,464,60,39,21,55,26,89,33,90,39,52,28,21,16,37,26,27,14,54,28,0,12,233,42,46,22,95,33,47,20,0,12,25,20,0,12,0,12,5,7,15,13,0,12,0600000US2501105560
113,Buckland,647,61,335,60,23,23,29,15,74,28,75,29,45,32,27,17,11,12,0,12,51,24,0,12,312,63,70,23,98,43,41,23,44,34,23,30,0,12,0,12,6,8,10,11,20,23,0600000US2501109595
114,Charlemont,344,47,172,35,6,7,23,18,37,15,16,11,10,8,18,9,12,8,24,11,26,17,0,12,172,37,59,20,24,17,26,12,12,9,24,17,0,12,9,7,6,5,12,8,0,12,0600000US2501112505
115,Colrain,623,54,353,52,17,17,42,16,56,20,80,26,53,26,17,13,3,4,13,9,72,26,0,12,270,47,82,29,78,28,69,22,9,7,5,6,13,8,0,12,0,12,8,7,6,6,0600000US2501114885
116,Conway,677,55,420,46,27,21,86,25,75,25,48,18,72,30,49,21,17,9,15,16,31,16,0,12,257,48,122,30,29,14,31,21,28,22,17,15,9,8,4,5,0,12,17,18,0,12,0600000US2501115200
117,Deerfield,1529,176,984,166,86,66,97,61,243,111,129,60,168,79,145,103,27,25,0,17,89,62,0,17,545,164,164,96,129,83,102,65,98,77,52,50,0,17,0,17,0,17,0,17,0,17,0600000US2501116670
118,Erving,552,54,386,51,25,13,98,38,86,27,54,26,20,13,15,9,12,8,28,14,48,17,0,12,166,29,59,24,23,11,28,14,20,16,8,7,6,7,4,5,4,6,11,9,3,4,0600000US2501121780
119,Gill,473,54,275,51,19,13,32,13,43,18,55,25,26,15,21,18,22,12,29,15,28,15,0,12,198,33,89,26,30,14,21,12,30,17,8,9,7,7,3,4,0,12,10,9,0,12,0600000US2501125730
120,"Greenfield Town city, Franklin County, Massachusetts",4543,273,3080,268,191,92,413,127,637,131,427,105,344,106,181,74,229,86,272,113,377,107,9,13,1463,185,438,106,258,97,175,69,247,84,79,48,97,49,55,35,73,41,41,28,0,19,0600000US2501127100
121,Hawley,127,22,63,24,9,10,11,8,8,8,8,5,2,3,5,7,1,2,12,10,6,7,1,3,64,17,21,9,13,8,9,6,1,3,4,5,0,12,1,2,5,4,10,8,0,12,0600000US2501129475
122,Heath,258,37,174,36,4,4,18,11,31,17,30,14,22,15,13,8,8,6,8,7,40,25,0,12,84,25,25,13,18,12,4,4,9,10,8,12,4,4,6,9,0,12,10,10,0,12,0600000US2501129650
123,Leverett,679,58,420,49,26,14,48,19,82,27,76,22,59,27,18,12,22,13,34,19,55,17,0,12,259,42,107,31,52,24,42,22,20,13,9,7,6,6,3,4,3,5,17,11,0,12,0600000US2501135180
124,Leyden,266,37,173,30,15,9,20,11,29,12,30,13,31,20,10,7,9,7,6,6,23,10,0,12,93,27,39,14,36,16,5,5,0,12,7,6,0,12,3,4,3,4,0,12,0,12,0600000US2501135285
125,Monroe,36,15,16,10,3,4,0,12,0,12,0,12,2,3,4,8,0,12,2,3,5,7,0,12,20,12,0,12,5,6,2,3,0,12,1,2,0,12,0,12,5,6,7,8,0,12,0600000US2501142040
126,Montague,2221,182,1509,175,81,65,196,74,207,69,211,76,210,91,109,51,107,57,166,76,222,118,0,17,712,148,223,79,198,88,91,46,102,47,31,28,18,20,7,11,8,12,23,26,11,17,0600000US2501142285
127,New Salem,379,44,243,45,14,10,49,18,42,22,29,14,36,19,10,9,3,4,24,22,32,22,4,6,136,28,42,15,32,21,26,13,19,16,0,12,0,12,3,4,4,6,10,8,0,12,0600000US2501145490
128,Northfield,1025,92,694,97,52,36,108,51,152,50,87,50,169,71,24,27,40,48,33,30,29,21,0,12,331,81,130,58,87,46,33,30,19,22,0,12,30,28,11,17,11,17,10,14,0,12,0600000US2501147835
129,Orange,2156,184,1383,153,54,40,293,97,225,72,208,88,186,84,87,45,123,64,118,57,89,52,0,17,773,124,210,64,127,58,164,74,67,36,57,39,30,27,10,15,41,28,67,55,0,17,0600000US2501151265
130,Rowe,173,24,81,19,10,8,4,4,23,15,18,10,10,9,1,3,2,4,4,4,9,6,0,12,92,23,42,15,10,7,11,8,9,9,7,6,6,5,1,3,3,5,3,4,0,12,0600000US2501158335
131,Shelburne,534,74,300,59,11,12,76,41,55,27,18,13,55,31,36,30,11,11,11,12,27,19,0,12,234,47,100,39,30,24,24,17,4,7,19,15,17,14,18,17,4,6,18,17,0,12,0600000US2501161135
132,Shutesbury,666,47,440,55,20,12,44,21,91,31,70,21,49,20,41,19,17,13,19,15,89,37,0,12,226,32,72,21,62,26,33,16,25,13,10,9,3,4,0,12,3,4,18,9,0,12,0600000US2501161905
133,Sunderland,675,100,358,85,63,55,84,55,97,54,18,27,51,46,33,34,12,20,0,12,0,12,0,12,317,93,119,68,29,33,91,54,31,33,15,22,0,12,0,12,0,12,32,33,0,12,0600000US2501168400
134,Warwick,325,42,174,35,8,10,18,9,22,12,14,8,18,9,17,8,13,11,22,13,42,19,0,12,151,31,52,19,27,10,31,16,4,4,8,7,2,3,0,12,11,11,10,10,6,9,0600000US2501173265
135,Wendell,304,48,178,35,5,5,22,15,26,14,31,16,34,20,14,10,4,4,13,9,29,15,0,12,126,38,40,20,24,15,15,15,4,4,10,8,2,3,0,12,16,16,15,14,0,12,0600000US2501174525
136,Whately,532,86,314,69,19,14,47,25,51,29,37,21,26,17,29,17,12,12,40,29,53,40,0,12,218,49,91,40,61,27,10,12,5,7,20,20,0,12,14,11,4,6,13,11,0,12,0600000US2501179110
137,Agawam,8963,374,5844,351,465,138,1012,218,1248,230,1035,213,662,177,278,128,296,164,306,126,496,145,46,71,3119,327,984,227,758,153,371,147,242,155,243,94,184,99,124,75,59,47,154,91,0,23,0600000US2501300840
138,Blandford,457,62,318,57,13,17,48,23,92,34,26,13,46,21,17,17,31,21,27,22,18,12,0,12,139,42,32,14,23,15,41,26,24,23,3,4,6,6,4,8,0,12,3,4,3,4,0600000US2501306085
139,Brimfield,1274,92,864,116,22,25,149,62,151,56,125,59,87,39,20,28,63,42,152,80,81,48,14,22,410,96,144,67,56,38,10,15,56,56,15,21,42,57,10,15,12,19,58,54,7,12,0600000US2501308470
140,Chester,472,56,318,54,25,18,37,20,96,38,47,23,40,26,28,20,9,8,9,8,27,13,0,12,154,40,64,32,40,21,16,9,0,12,8,13,6,6,4,5,0,12,6,7,10,15,0600000US2501313485
141,Chicopee,13533,507,8489,509,602,195,1260,226,1632,286,1666,292,1034,214,500,157,442,152,511,190,825,181,17,26,5044,397,1659,285,998,232,622,144,491,127,270,128,381,127,128,67,67,43,329,119,99,65,0600000US2501313660
142,East Longmeadow,4924,223,3281,225,127,62,501,124,749,146,679,170,305,100,211,89,180,84,218,140,311,100,0,19,1643,226,572,129,231,79,263,93,101,62,108,58,82,50,43,38,80,57,141,79,22,25,0600000US2501319645
143,Granville,585,56,449,63,10,8,100,34,79,29,50,22,63,27,42,25,25,14,19,12,47,26,14,16,136,36,63,26,20,10,11,7,12,9,12,7,3,4,0,12,6,6,9,8,0,12,0600000US2501326675
144,Hampden,1827,115,1164,112,62,37,228,88,357,89,113,45,68,37,95,48,27,26,71,43,131,58,12,19,663,117,195,58,186,77,93,51,41,31,63,68,0,17,0,17,42,33,43,33,0,17,0600000US2501328075
145,Holland,880,78,630,89,55,29,137,45,147,51,58,27,81,39,41,22,35,20,40,31,36,21,0,12,250,57,70,38,93,44,25,16,18,14,6,8,0,12,19,22,0,12,19,23,0,12,0600000US2501330665
146,Holyoke,6214,337,4224,342,379,123,737,174,836,159,796,198,353,114,316,101,121,57,204,103,468,121,14,22,1990,237,500,143,405,120,370,136,165,90,118,72,46,38,66,58,133,61,159,97,28,26,0600000US2501330840
147,Longmeadow,5054,265,3316,267,230,82,622,145,688,160,583,152,318,107,366,113,121,65,119,61,269,111,0,19,1738,213,625,137,387,129,196,75,130,57,74,42,45,39,60,44,31,27,190,82,0,19,0600000US2501336300
148,Ludlow,5778,323,3575,315,225,109,656,170,940,228,438,133,672,164,245,103,106,43,77,62,216,92,0,23,2203,230,674,168,419,133,306,135,103,66,278,111,122,77,42,39,0,23,199,92,60,72,0600000US2501337175
149,Monson,2862,133,1993,145,161,61,438,103,352,82,274,83,312,101,101,56,82,46,78,56,195,78,0,17,869,149,292,83,249,84,81,39,84,64,27,20,21,25,28,24,43,45,35,28,9,13,0600000US2501342145
150,Montgomery,322,31,224,33,13,7,35,12,51,22,29,11,23,15,29,17,9,5,6,5,29,18,0,12,98,18,30,12,25,14,10,7,6,4,6,5,9,6,0,12,4,4,6,5,2,3,0600000US2501342530
151,Palmer,3502,255,2387,249,111,65,316,115,664,192,446,134,257,103,85,58,76,46,76,61,345,147,11,16,1115,202,278,87,250,110,133,66,31,30,151,89,73,67,65,72,25,29,88,60,21,25,0600000US2501352144
152,Russell,486,59,306,58,27,17,11,9,87,34,37,19,51,27,4,5,20,22,24,17,45,22,0,12,180,47,82,34,22,17,28,20,15,16,14,9,0,12,11,15,8,13,0,12,0,12,0600000US2501358650
153,Southwick,3094,254,1880,238,111,58,242,91,340,109,260,87,261,87,167,108,143,88,84,51,272,109,0,17,1214,194,428,130,221,78,176,101,62,56,92,58,23,28,0,17,103,92,109,79,0,17,0600000US2501365825
154,Springfield,26291,758,18484,705,1190,209,2817,363,3137,345,2768,330,1864,308,1594,273,973,248,1343,295,2755,296,43,48,7807,464,2291,291,1512,194,1190,205,751,149,498,146,371,120,206,83,358,130,502,122,128,64,0600000US2501367000
155,Tolland,216,32,135,34,37,20,30,14,24,14,17,8,9,7,9,7,3,5,2,3,4,4,0,12,81,24,40,20,10,7,9,6,6,5,0,12,1,2,2,3,9,11,4,4,0,12,0600000US2501370045
156,Wales,690,71,537,67,19,20,75,36,107,43,102,38,70,34,39,30,10,8,25,22,86,40,4,6,153,39,42,20,31,20,43,25,9,9,13,16,3,5,4,6,5,7,3,4,0,12,0600000US2501372390
157,Westfield,10243,388,6480,373,335,119,1120,192,1328,206,1014,205,882,205,488,131,254,102,327,123,732,153,0,26,3763,318,1442,210,657,132,653,203,268,100,134,78,198,101,130,91,63,44,152,71,66,48,0600000US2501376030
158,West Springfield,7406,334,4587,290,302,113,632,149,1004,205,696,180,437,147,417,156,153,100,388,170,558,157,0,23,2819,306,789,179,483,154,503,163,331,122,204,67,88,64,28,25,82,65,246,123,65,58,0600000US2501377890
159,Wilbraham,4595,186,3032,236,204,99,555,165,675,171,675,165,291,112,164,87,120,77,190,112,158,87,0,19,1563,202,564,133,341,159,179,83,163,91,74,55,46,42,23,26,68,54,91,63,14,23,0600000US2501379740
160,"Amherst town, Hampshire County, Massachusetts",4293,341,2346,250,229,91,272,94,608,132,199,86,243,98,126,66,97,65,152,65,420,144,0,26,1947,244,717,153,486,138,200,97,131,73,110,62,62,51,52,42,27,31,154,76,8,12,0600000US2501501325
161,Belchertown,4531,271,3215,227,355,124,495,172,642,166,585,167,412,140,290,137,165,86,162,83,109,70,0,19,1316,212,536,157,393,122,157,99,72,55,16,24,0,19,10,17,65,53,35,41,32,35,0600000US2501504825
162,Chesterfield,483,45,288,39,4,6,46,21,31,15,57,24,44,17,36,24,16,10,39,22,15,12,0,12,195,40,48,17,43,18,17,12,32,24,13,17,0,12,4,6,11,9,27,27,0,12,0600000US2501513590
163,Cummington,324,45,197,40,12,10,33,13,46,24,16,9,25,18,16,10,20,17,7,7,22,13,0,12,127,27,26,14,31,14,11,9,13,11,14,9,14,17,4,5,7,8,7,7,0,12,0600000US2501516040
164,Easthampton,4388,258,3034,266,165,94,345,114,663,152,599,164,372,111,217,99,229,112,197,103,234,92,13,21,1354,218,520,147,318,116,122,53,142,84,69,51,54,43,34,32,28,33,67,52,0,19,0600000US2501519370
165,Goshen,363,63,210,50,14,12,29,17,63,32,12,11,13,11,24,20,0,12,17,20,38,23,0,12,153,51,67,35,23,18,18,19,26,25,4,6,8,9,0,12,3,6,4,6,0,12,0600000US2501526290
166,Granby,2267,150,1452,173,163,115,183,91,380,130,222,87,185,86,83,57,32,36,51,58,153,90,0,17,815,163,395,126,97,69,65,54,160,86,64,43,0,17,0,17,18,29,16,27,0,17,0600000US2501526535
167,Hadley,1798,197,982,169,87,60,48,40,179,80,247,128,88,58,9,16,111,71,55,51,158,98,0,17,816,170,420,141,10,17,141,78,0,17,63,89,18,30,56,58,17,29,70,88,21,32,0600000US2501527690
168,Hatfield,1077,111,621,104,78,58,71,35,115,53,159,69,72,49,57,56,12,18,0,12,57,33,0,12,456,114,90,45,158,64,18,20,47,48,31,48,10,15,22,34,10,17,61,57,9,16,0600000US2501529265
169,Huntington,758,66,455,62,17,15,103,44,71,29,50,28,87,41,45,32,4,7,34,21,44,30,0,12,303,63,72,29,85,40,29,19,12,12,11,11,11,12,0,12,29,29,54,41,0,12,0600000US2501531785
170,Middlefield,194,42,98,30,2,4,6,6,25,16,15,14,10,9,2,4,8,13,14,15,16,15,0,12,96,34,20,15,15,13,15,14,0,12,23,21,0,12,8,13,7,12,8,13,0,12,0600000US2501540990
171,Northampton,6267,273,3767,253,237,84,598,138,762,144,769,138,416,101,286,95,144,59,180,64,363,113,12,21,2500,210,846,159,570,107,191,70,316,90,102,54,55,35,87,54,53,34,242,105,38,33,0600000US2501546330
172,Pelham,419,46,190,39,18,12,28,15,43,18,13,8,27,14,25,15,9,6,25,14,2,5,0,12,229,32,105,27,41,15,42,20,9,8,3,4,3,4,6,7,11,15,9,8,0,12,0600000US2501552560
173,Plainfield,248,36,141,32,6,7,6,7,36,19,36,13,7,6,17,14,9,9,7,6,17,10,0,12,107,22,28,11,22,10,10,7,19,10,5,5,6,6,8,6,5,5,4,5,0,12,0600000US2501554030
174,Southampton,2187,138,1435,164,161,94,257,108,374,121,224,97,88,59,101,67,55,51,36,34,139,108,0,17,752,177,309,122,149,62,166,79,35,38,34,39,0,17,0,17,0,17,59,75,0,17,0600000US2501562745
175,South Hadley,4810,235,2988,243,214,91,570,134,496,111,412,107,433,162,295,107,181,82,93,44,283,92,11,16,1822,226,635,134,440,136,214,76,192,97,68,48,47,28,48,35,61,37,108,79,9,14,0600000US2501564145
176,Ware,2914,217,1886,262,54,47,216,91,394,136,333,134,201,77,152,88,240,149,145,70,151,78,0,17,1028,183,294,105,150,79,119,64,117,69,60,48,52,36,83,78,24,28,113,95,16,25,0600000US2501572880
177,Westhampton,656,43,468,44,32,16,55,27,110,30,67,22,53,23,37,22,21,16,50,24,43,19,0,12,188,36,61,20,60,23,18,11,19,11,4,5,0,12,3,5,3,4,20,16,0,12,0600000US2501576380
178,Williamsburg,832,87,505,79,51,31,94,38,69,29,67,30,74,43,48,27,42,32,17,15,43,24,0,12,327,77,117,55,93,48,30,19,26,19,6,9,31,25,12,12,0,12,12,12,0,12,0600000US2501579915
179,Worthington,532,59,360,50,38,22,60,30,50,21,59,26,34,14,30,14,14,9,27,20,48,28,0,12,172,38,59,24,33,15,11,9,18,11,22,18,8,8,0,12,18,18,3,6,0,12,0600000US2501582175
180,Acton,6523,300,4602,298,270,105,734,135,1027,181,847,184,637,150,337,111,184,76,221,99,345,117,0,23,1921,245,771,166,384,115,202,83,172,75,33,33,42,52,54,41,34,29,186,98,43,43,0600000US2501700380
181,Arlington,11056,425,7291,468,579,144,1222,209,1741,237,1325,272,666,165,509,110,332,99,238,92,668,197,11,17,3765,314,1210,202,750,176,354,109,388,109,235,82,185,105,72,44,71,47,472,155,28,34,0600000US2501701605
182,Ashby,1077,63,717,76,53,33,93,37,217,55,108,37,102,42,22,17,0,12,83,53,39,20,0,12,360,60,193,52,48,25,45,22,11,11,17,12,11,13,0,12,11,12,24,18,0,12,0600000US2501701955
183,Ashland,5611,279,4084,259,298,122,591,168,994,192,784,172,414,123,244,124,234,103,120,65,362,110,43,41,1527,252,531,148,289,136,303,145,118,83,22,24,14,23,36,34,76,59,138,76,0,19,0600000US2501702130
184,Ayer,2245,246,1700,243,185,89,155,70,458,131,343,126,165,112,52,47,107,87,65,51,157,112,13,22,545,143,238,92,73,61,69,63,15,25,30,33,0,17,0,17,16,25,89,67,15,24,0600000US2501703005
185,Bedford,3926,246,2759,230,168,77,496,139,624,175,412,156,249,105,234,105,98,68,177,129,286,130,15,24,1167,205,344,133,207,77,167,74,135,96,26,29,77,51,73,53,46,37,92,52,0,19,0600000US2501704615
186,Belmont,6336,277,3976,221,239,70,626,112,824,116,735,131,398,104,209,77,248,72,236,73,426,94,35,25,2360,201,773,123,287,77,227,76,197,73,66,32,93,55,85,46,125,59,494,124,13,14,0600000US2501705070
187,Billerica,11993,353,8884,382,379,117,1314,198,1961,277,1577,243,1118,217,526,140,639,198,600,157,754,130,16,26,3109,310,1224,228,656,174,305,85,241,92,146,87,88,49,13,20,177,78,249,96,10,15,0600000US2501705805
188,Boxborough,1558,123,1019,113,118,56,102,47,299,96,132,62,135,59,44,34,66,36,49,54,74,46,0,17,539,101,267,76,124,57,70,43,0,17,19,22,10,16,0,17,0,17,49,36,0,17,0600000US2501707350
189,Burlington,7363,318,4772,362,408,157,827,200,1021,230,908,228,434,148,399,142,197,100,203,100,348,109,27,32,2591,269,1084,224,371,142,286,135,289,126,127,78,144,83,25,29,104,70,161,66,0,23,0600000US2501709840
190,Cambridge,16303,579,10523,405,1337,194,2170,254,1926,254,1205,160,1036,181,772,163,331,77,518,138,1228,208,0,29,5780,434,2868,320,917,159,537,130,380,122,233,91,171,57,68,39,76,35,458,136,72,44,0600000US2501711000
191,Carlisle,1774,93,1211,120,168,68,202,68,233,76,94,50,119,59,71,60,103,51,80,46,128,67,13,20,563,111,190,70,127,50,73,42,24,27,35,31,9,15,0,17,44,38,61,41,0,17,0600000US2501711525
192,Chelmsford,11435,311,7646,368,438,160,1370,214,1783,231,1567,206,879,194,535,144,324,101,225,85,518,130,7,12,3789,322,1556,222,705,166,414,119,270,89,125,59,102,58,149,80,203,106,265,102,0,26,0600000US2501713135
193,Concord,4978,225,3157,215,229,90,487,131,635,152,475,142,374,124,234,91,157,89,160,85,393,138,13,20,1821,213,640,161,282,84,238,91,90,63,133,75,73,43,67,52,160,78,138,77,0,19,0600000US2501715060
194,Dracut,9040,449,6434,462,223,145,1139,234,1301,254,1134,276,688,196,593,194,417,167,165,74,769,211,5,10,2606,323,947,223,313,139,399,122,164,65,209,139,140,99,30,32,111,81,254,101,39,42,0600000US2501717475
195,Dunstable,1117,70,818,87,88,35,94,41,188,56,116,36,82,31,98,53,21,17,43,25,88,42,0,12,299,58,98,37,63,26,33,30,38,24,11,11,0,12,6,9,32,21,12,12,6,9,0600000US2501717825
196,Everett,6179,510,4630,467,185,70,310,101,688,217,519,151,692,218,552,170,419,145,337,151,917,243,11,17,1549,258,533,157,203,78,172,78,61,36,162,75,74,55,29,31,66,65,214,116,35,29,0600000US2501721990
197,Framingham,15216,533,10617,562,585,137,1339,244,2380,293,1818,224,1182,266,697,201,742,224,720,172,1136,193,18,28,4599,379,1761,231,851,188,550,174,304,116,210,85,281,108,108,75,134,65,329,107,71,50,0600000US2501724960
198,Groton,3491,161,2580,159,183,81,543,149,478,130,379,117,235,101,222,102,69,58,106,60,349,125,16,25,911,164,423,120,112,61,112,66,54,48,0,19,49,44,17,28,56,46,10,16,78,89,0600000US2501727480
199,Holliston,4816,153,3681,199,213,69,704,131,834,162,696,145,454,108,221,86,102,63,218,96,239,84,0,19,1135,170,425,104,256,96,200,78,46,37,87,48,18,20,28,32,25,27,50,40,0,19,0600000US2501730700
200,Hopkinton,5232,317,4055,297,336,91,755,159,1022,162,658,171,409,112,210,90,108,63,206,80,340,149,11,16,1177,185,512,115,249,99,127,66,25,28,89,49,48,43,25,28,30,49,72,48,0,19,0600000US2501731085
201,Hudson,5713,258,3719,233,236,91,747,163,760,163,665,141,432,108,298,102,86,47,212,97,273,104,10,15,1994,195,670,132,398,110,258,87,153,80,91,48,179,98,62,39,64,44,119,59,0,19,0600000US2501731540
202,Lexington,9648,332,6300,300,527,122,1017,163,1323,226,1248,184,514,145,456,109,230,82,296,81,674,135,15,19,3348,281,1324,207,555,121,407,109,231,79,157,81,125,69,87,47,82,42,336,100,44,50,0600000US2501735215
203,Lincoln,1608,157,890,129,56,39,228,84,122,69,193,96,104,63,26,29,0,17,79,76,82,55,0,17,718,170,308,131,93,60,63,43,58,40,54,44,0,17,23,28,72,78,47,42,0,17,0600000US2501735425
204,Littleton,3230,153,2228,160,99,45,421,105,504,117,386,97,309,88,105,51,128,79,66,40,210,101,0,19,1002,163,411,113,183,69,166,81,68,46,86,56,29,34,8,12,9,15,42,34,0,19,0600000US2501735950
205,Lowell,16680,783,12129,673,792,178,1495,234,2486,346,2151,372,1497,278,701,150,638,197,714,162,1594,303,61,54,4551,382,1626,253,849,184,813,190,205,76,135,65,201,90,68,38,185,95,435,174,34,42,0600000US2501737000
206,Malden,9436,536,6634,466,309,135,966,278,985,218,1110,239,873,193,604,160,417,146,366,114,996,246,8,13,2802,306,925,178,507,121,254,106,309,122,230,108,144,77,59,42,53,41,321,118,0,29,0600000US2501737875
207,Marlborough,9151,523,6776,425,439,145,1052,233,1208,242,1166,211,875,205,412,163,364,155,497,172,763,206,0,26,2375,326,650,173,595,173,282,114,164,84,179,98,115,82,63,50,139,75,173,113,15,23,0600000US2501738715
208,Maynard,3360,233,2359,211,95,84,351,117,418,122,490,176,337,123,240,123,68,85,122,72,221,104,17,28,1001,161,353,112,177,79,110,56,72,51,99,87,16,24,62,79,22,27,78,61,12,21,0600000US2501739625
209,Medford,12872,545,8683,514,467,146,1276,219,1892,262,1337,226,986,225,768,209,458,165,505,170,946,225,48,38,4189,427,1355,258,788,182,473,136,340,101,376,127,32,26,140,123,367,144,279,106,39,45,0600000US2501739835
210,Melrose,7456,320,5353,328,534,166,852,187,1146,220,934,228,588,180,327,122,242,116,170,90,560,217,0,23,2103,320,807,183,264,109,347,130,150,86,129,100,77,54,118,82,51,53,81,43,79,70,0600000US2501740115
211,Natick,10023,312,6979,339,632,145,834,173,1647,244,1468,236,665,178,462,124,347,107,397,133,527,140,0,26,3044,304,1074,181,604,154,249,102,236,78,165,84,192,110,104,51,150,73,249,91,21,24,0600000US2501743895
212,Newton,22076,574,14392,542,1422,214,2309,306,2669,336,2366,279,1472,194,927,158,777,190,714,178,1729,228,7,13,7684,437,3122,341,1186,176,784,156,612,131,487,111,223,76,121,60,265,98,799,145,85,58,0600000US2501745560
213,North Reading,4860,263,3543,321,336,170,485,140,594,156,764,161,423,141,303,118,153,102,193,106,275,122,17,27,1317,252,479,157,235,112,306,121,75,52,51,46,16,25,45,67,19,31,91,67,0,19,0600000US2501748955
214,Pepperell,3548,153,2789,177,165,67,502,101,622,124,376,97,387,105,206,72,151,72,102,57,265,95,13,21,759,131,247,78,147,66,131,57,67,41,50,29,17,20,36,32,33,25,31,29,0,19,0600000US2501752805
215,Reading,7733,243,5393,262,310,122,987,241,1011,222,1162,208,622,189,416,119,214,112,237,92,426,132,8,13,2340,238,805,178,481,137,355,124,228,116,57,46,31,24,59,49,165,81,159,73,0,23,0600000US2501756130
216,Sherborn,1464,76,1103,90,35,28,181,73,267,97,267,84,32,27,72,43,27,22,51,32,128,59,43,53,361,92,122,55,28,26,38,29,21,25,20,22,35,32,45,36,12,19,40,31,0,12,0600000US2501761380
217,Shirley,1785,230,1357,179,85,89,186,112,232,103,241,122,196,118,46,42,99,67,92,84,169,87,11,17,428,154,129,67,80,56,67,87,17,28,46,46,32,38,42,41,0,17,15,24,0,17,0600000US2501761590
218,Somerville,11036,550,7860,552,516,145,1228,201,1608,251,1268,243,881,202,629,184,302,103,491,151,909,212,28,27,3176,293,1109,206,471,126,427,156,243,87,101,45,105,54,196,102,102,50,376,114,46,33,0600000US2501762535
219,Stoneham,6318,334,4327,286,247,104,708,178,1242,214,599,157,535,150,272,118,230,129,127,78,353,126,14,24,1991,275,810,181,266,100,200,86,253,131,123,76,87,59,32,36,41,31,158,108,21,34,0600000US2501767665
220,Stow,2262,141,1634,162,117,58,308,111,389,119,385,105,141,81,76,55,17,26,35,40,166,73,0,17,628,143,200,80,96,61,98,61,69,68,80,83,28,31,0,17,0,17,57,51,0,17,0600000US2501768050
221,Sudbury,5849,162,4277,232,352,120,708,146,833,146,818,176,428,122,328,126,176,89,138,64,496,134,0,19,1572,215,700,157,218,75,119,59,148,64,90,64,31,27,46,34,25,29,195,96,0,19,0600000US2501768260
222,Tewksbury,10090,325,7317,335,332,147,929,155,1178,209,1623,264,1007,214,623,139,377,131,421,112,827,200,0,26,2773,286,698,157,653,138,397,134,277,102,164,82,20,18,113,89,131,72,312,135,8,13,0600000US2501769415
223,Townsend,3034,144,2244,161,79,43,354,108,513,122,487,125,196,73,172,78,107,49,121,65,215,85,0,17,790,118,275,81,159,71,96,47,54,34,50,52,31,29,27,24,36,54,62,35,0,17,0600000US2501770360
224,Tyngsborough,3659,248,2742,253,209,108,345,152,592,153,499,146,528,177,194,96,164,102,40,46,171,95,0,19,917,188,403,131,117,77,96,67,105,64,45,43,35,42,11,18,61,54,22,35,22,35,0600000US2501771025
225,Wakefield,7991,367,5465,332,397,126,877,195,1205,234,831,185,584,153,418,126,288,109,341,101,524,157,0,23,2526,286,867,163,453,111,277,97,283,83,195,109,96,47,79,46,61,37,140,78,75,62,0600000US2501772215
226,Waltham,12240,516,8245,508,457,116,1199,222,1687,299,1414,252,921,207,667,197,414,143,523,142,925,180,38,35,3995,302,1430,217,820,159,574,149,319,107,219,91,122,67,35,27,183,73,269,95,24,31,0600000US2501772600
227,Watertown,8092,459,5356,410,428,142,737,169,1015,232,976,242,479,133,405,111,302,128,378,108,601,203,35,40,2736,336,977,214,474,143,388,173,208,91,143,80,101,101,64,46,73,51,270,101,38,34,0600000US2501773440
228,Wayland,4373,133,3014,150,302,85,642,134,584,96,431,98,313,84,162,53,97,48,125,60,358,108,0,19,1359,165,555,114,225,77,175,66,94,54,54,40,51,35,27,25,39,30,126,53,13,14,0600000US2501773790
229,Westford,7384,228,5265,290,259,94,830,167,1133,192,946,217,650,148,406,138,260,99,366,112,415,141,0,23,2119,231,838,167,458,140,156,74,165,66,68,44,61,45,34,34,105,65,219,96,15,25,0600000US2501776135
230,Weston,3248,208,2036,197,168,89,295,85,309,109,277,89,137,72,142,69,93,66,106,54,458,147,51,47,1212,193,516,119,164,68,65,32,47,34,47,46,45,43,0,19,34,35,285,141,9,14,0600000US2501777255
231,Wilmington,6826,240,5079,294,361,127,849,204,1232,210,778,183,529,169,354,110,172,76,283,112,521,153,0,23,1747,226,729,151,327,119,181,79,106,56,89,56,53,40,18,26,150,95,94,52,0,23,0600000US2501780230
232,Winchester,6813,204,4892,200,473,124,830,119,929,175,737,131,609,123,310,90,275,91,161,69,558,117,10,15,1921,198,673,125,380,110,186,71,158,68,86,43,83,42,48,30,95,46,193,75,19,21,0600000US2501780510
233,Woburn,9761,471,6459,423,559,151,896,149,1240,225,1269,265,803,206,475,159,186,97,368,151,663,149,0,26,3302,325,1181,209,605,160,446,136,260,89,201,83,61,56,82,52,111,58,355,143,0,26,0600000US2501781035
234,"County subdivisions not defined, Nantucket County, Massachusetts",0,12,0,12,0,12,0,12,0,12,0,12,0,12,0,12,0,12,0,12,0,12,0,12,0,12,0,12,0,12,0,12,0,12,0,12,0,12,0,12,0,12,0,12,0,12,0600000US2501900000
235,Nantucket,2619,184,1759,156,116,51,128,44,295,111,174,74,168,62,218,94,86,49,163,74,398,134,13,18,860,130,307,73,170,63,62,33,55,36,71,47,44,29,24,18,19,20,102,36,6,8,0600000US2501943790
236,Avon,1163,112,831,125,4,8,101,71,232,80,207,89,75,37,55,47,64,53,32,36,61,41,0,12,332,89,68,41,96,50,38,30,49,36,16,22,26,24,19,28,0,12,20,24,0,12,0600000US2502102935
237,Bellingham,5338,292,4174,299,280,115,494,151,711,204,977,203,692,206,420,180,85,68,144,78,354,122,17,29,1164,191,418,130,253,86,153,68,56,46,28,33,92,87,43,40,53,38,68,46,0,19,0600000US2502104930
238,Braintree,10229,349,7157,356,477,126,1254,182,1185,203,1387,190,855,196,523,180,405,122,496,170,567,132,8,12,3072,259,1129,179,651,124,284,81,288,86,81,37,119,61,76,57,171,91,251,88,22,23,0600000US2502107740
239,Brookline,11952,394,7417,366,871,186,1136,193,1243,240,1285,242,515,139,496,147,435,154,473,134,922,186,41,40,4535,348,1676,224,661,152,433,137,401,167,292,124,206,80,144,95,228,146,413,115,81,54,0600000US2502109175
240,Canton,6928,310,4758,332,285,91,676,185,1000,216,684,156,689,179,420,120,307,150,270,115,411,139,16,27,2170,293,748,177,432,143,265,126,150,76,138,77,68,56,38,25,100,64,183,68,48,44,0600000US2502111315
241,Cohasset,2391,160,1745,181,141,71,341,141,408,134,296,128,146,90,112,80,30,35,109,73,162,86,0,17,646,131,155,86,139,89,53,50,73,48,49,35,12,21,24,36,16,25,125,69,0,17,0600000US2502114640
242,Dedham,7239,324,5081,294,330,102,855,196,884,155,1077,217,559,137,320,120,331,115,210,89,491,124,24,27,2158,268,646,142,462,130,214,79,179,78,115,59,81,53,95,64,124,55,232,90,10,15,0600000US2502116495
243,Dover,1898,99,1296,118,304,85,272,92,147,61,164,74,91,40,118,69,39,36,59,34,102,62,0,17,602,92,347,82,101,49,32,31,36,28,2,8,0,17,22,25,36,28,26,28,0,17,0600000US2502117405
244,Foxborough,4326,270,3301,294,221,106,525,124,661,164,613,152,395,124,241,96,152,77,177,80,316,150,0,19,1025,161,383,112,223,86,66,47,116,69,60,41,12,20,10,14,33,30,104,65,18,29,0600000US2502124820
245,Franklin,9631,351,7459,351,453,145,1543,233,1760,329,1264,236,708,175,423,132,308,127,346,127,613,169,41,31,2172,262,817,189,406,115,215,79,136,59,152,65,149,112,23,27,91,52,183,113,0,26,0600000US2502125172
246,Holbrook,3399,319,2483,311,41,37,292,160,549,180,535,182,236,126,231,107,96,103,141,110,362,114,0,19,916,229,244,130,140,90,218,130,113,66,66,44,0,19,23,40,54,51,58,45,0,19,0600000US2502130455
247,Medfield,3689,157,2791,191,202,83,765,166,414,111,508,132,257,87,155,72,129,78,109,65,252,113,0,19,898,168,307,100,202,78,142,87,50,33,19,21,33,39,8,13,13,23,108,74,16,19,0600000US2502139765
248,Medway,4256,192,3337,240,239,111,524,157,771,188,678,167,347,130,175,81,146,81,178,80,279,106,0,19,919,184,267,95,154,73,119,65,68,39,31,32,94,56,48,43,26,30,112,68,0,19,0600000US2502139975
249,Millis,2602,173,1871,180,40,43,259,107,476,126,356,110,201,96,105,68,116,98,104,57,214,104,0,17,731,183,240,109,107,70,111,66,29,33,61,78,42,38,23,27,40,65,78,72,0,17,0600000US2502141515
250,Milton,7484,256,5528,283,415,120,864,171,1295,201,924,207,560,170,263,104,226,109,279,138,674,197,28,29,1956,230,687,150,346,122,182,87,226,98,81,51,91,49,81,55,51,41,199,79,12,19,0600000US2502141690
251,Needham,9067,299,6007,318,559,140,1102,208,1360,228,896,167,706,164,440,155,281,131,252,107,396,139,15,25,3060,249,1096,190,726,162,476,144,215,84,125,85,86,64,56,46,52,42,219,94,9,14,0600000US2502144105
252,Norfolk,3047,155,2286,150,147,69,357,96,542,102,430,99,290,79,150,64,83,45,134,61,153,59,0,19,761,110,247,73,177,67,53,33,50,30,56,35,36,28,8,12,42,36,92,53,0,19,0600000US2502146050
253,Norwood,6881,325,4548,298,470,146,722,156,1004,182,636,149,594,144,244,83,296,121,199,75,383,111,0,23,2333,221,889,174,348,113,261,103,363,135,127,69,81,46,41,36,112,67,111,56,0,23,0600000US2502150250
254,Plainville,2609,266,1774,201,92,62,274,102,412,159,280,91,217,102,197,115,35,40,121,75,146,81,0,17,835,177,213,86,174,71,130,105,39,37,59,73,57,47,42,39,46,43,75,81,0,17,0600000US2502154100
255,Quincy,19013,590,12214,573,513,138,1293,221,2084,327,2094,317,1284,266,1075,226,889,208,812,180,2147,319,23,25,6799,441,1908,270,1116,186,1104,184,556,151,323,102,358,133,132,67,332,114,846,194,124,78,0600000US2502155745
256,Randolph,8037,542,6082,480,145,89,624,181,755,225,1017,243,969,251,752,212,433,177,455,204,867,263,65,60,1955,285,749,174,378,126,193,92,131,77,145,81,81,84,42,50,128,98,92,58,16,26,0600000US2502156000
257,Sharon,5608,181,3879,224,311,116,724,148,895,172,409,142,296,110,429,120,203,115,208,91,404,134,0,19,1729,227,549,161,423,110,207,89,118,56,69,54,54,38,113,120,62,46,134,74,0,19,0600000US2502160785
258,Stoughton,7830,317,5540,309,265,93,726,149,1093,204,1046,187,586,145,504,137,213,89,369,128,738,196,0,23,2290,274,637,120,538,130,201,72,317,148,161,76,119,59,64,48,71,43,177,76,5,9,0600000US2502167945
259,Walpole,7166,396,5284,336,317,101,773,156,1053,203,967,244,570,193,491,148,278,87,236,132,599,170,0,23,1882,274,571,144,341,122,293,125,130,98,140,67,43,42,113,65,42,37,196,88,13,22,0600000US2502172495
260,Wellesley,6839,249,4606,242,592,126,958,149,733,133,586,109,486,117,315,101,144,60,294,77,489,100,9,13,2233,202,930,135,365,100,229,70,149,63,160,83,71,44,29,22,92,46,189,69,19,21,0600000US2502174175
261,Westwood,4708,201,3198,171,330,119,665,164,531,118,573,149,195,77,313,119,172,93,198,74,221,71,0,19,1510,195,674,124,266,92,128,70,132,91,33,29,47,38,40,36,86,66,104,55,0,19,0600000US2502178690
262,Weymouth,15900,592,11510,589,496,143,1791,293,2366,315,1832,292,1367,311,954,205,600,178,589,170,1479,336,36,43,4390,435,1238,223,975,206,651,161,269,104,265,94,310,97,79,52,223,82,355,107,25,29,0600000US2502178972
263,Wrentham,3617,172,2699,212,250,74,534,114,491,114,407,96,364,95,154,72,135,74,92,57,265,102,7,11,918,128,440,96,130,48,67,33,66,40,22,22,14,16,33,30,11,17,117,57,18,20,0600000US2502182315
264,"County subdivisions not defined, Plymouth County, Massachusetts",0,12,0,12,0,12,0,12,0,12,0,12,0,12,0,12,0,12,0,12,0,12,0,12,0,12,0,12,0,12,0,12,0,12,0,12,0,12,0,12,0,12,0,12,0,12,0600000US2502300000
265,Abington,4690,311,3494,307,80,59,395,133,688,198,623,176,517,184,288,127,239,114,207,85,457,167,0,19,1196,214,465,159,233,89,86,66,109,66,68,53,14,23,46,38,33,31,133,92,9,15,0600000US2502300170
266,Bridgewater,5823,477,4141,378,332,137,523,172,676,181,900,201,700,163,264,116,161,83,155,80,430,171,0,23,1682,267,633,158,310,124,319,108,167,96,66,45,104,79,33,38,18,23,32,32,0,23,0600000US2502308130
267,Brockton,17507,762,13617,695,630,188,1669,315,2594,361,1951,271,1696,275,1160,240,873,208,1063,231,1888,297,93,53,3890,321,1348,215,672,143,541,135,294,99,261,104,164,87,94,46,176,82,282,106,58,50,0600000US2502309000
268,Carver,4093,273,2637,249,119,98,319,121,517,121,461,126,289,108,227,108,139,61,242,92,324,116,0,19,1456,199,229,90,243,88,232,90,176,95,124,66,63,49,58,77,159,91,164,116,8,13,0600000US2502311665
269,Duxbury,5069,177,3425,179,217,68,507,120,690,121,582,142,379,113,262,112,202,85,141,64,436,113,9,14,1644,193,447,117,273,111,293,104,71,54,130,78,48,34,48,39,101,73,194,64,39,31,0600000US2502317895
270,East Bridgewater,3905,263,2996,218,115,76,438,138,581,151,513,161,240,95,337,135,208,92,177,85,334,139,53,43,909,162,200,87,228,81,175,87,46,33,42,31,57,38,0,19,105,66,56,58,0,19,0600000US2502318455
271,Halifax,2637,159,1967,169,137,109,167,84,306,112,279,124,251,101,212,115,201,117,257,128,157,101,0,17,670,153,136,85,65,53,131,69,30,36,0,17,116,64,0,17,33,39,159,126,0,17,0600000US2502327795
272,Hanover,4327,188,3288,220,219,92,646,164,594,146,358,116,344,138,204,112,322,149,193,95,367,129,41,47,1039,189,295,110,333,118,182,91,47,41,58,49,16,26,12,22,36,43,52,50,8,16,0600000US2502328285
273,Hanson,3558,179,2770,188,176,76,244,82,725,148,435,114,172,73,283,100,183,93,146,63,406,139,0,19,788,162,271,119,180,93,111,62,22,27,60,48,38,37,0,19,32,32,74,49,0,19,0600000US2502328495
274,Hingham,7179,273,4985,230,395,121,968,152,1204,199,855,176,373,112,310,130,93,56,230,99,536,141,21,32,2194,236,801,140,341,106,213,113,179,82,158,85,89,54,47,44,127,105,230,111,9,15,0600000US2502330210
275,Hull,3418,238,2375,207,135,58,371,102,418,108,348,103,268,79,177,67,133,61,177,81,348,98,0,19,1043,171,337,92,246,94,165,64,69,34,18,21,10,16,29,26,43,30,111,64,15,24,0600000US2502331645
276,Kingston,4050,270,3080,274,123,72,287,130,613,162,556,180,369,136,362,137,134,75,196,90,440,185,0,19,970,201,236,104,159,87,119,79,141,86,84,62,82,64,47,45,45,46,41,46,16,26,0600000US2502333220
277,Lakeville,3466,152,2464,175,213,90,525,127,525,106,300,75,291,93,165,62,162,78,104,46,179,65,0,19,1002,115,532,101,112,45,63,36,76,39,70,39,26,25,0,19,41,33,72,39,10,16,0600000US2502333920
278,Marion,1559,141,921,142,59,43,117,67,162,60,106,51,180,82,92,60,18,15,122,85,65,44,0,17,638,116,153,69,81,48,115,59,91,44,0,17,31,36,0,17,17,19,143,62,7,10,0600000US2502338540
279,Marshfield,7854,385,5942,349,265,98,682,225,1188,196,1076,246,886,230,435,130,327,129,303,119,715,216,65,89,1912,299,495,158,350,114,276,113,192,113,55,50,71,39,151,106,83,68,232,129,7,10,0600000US2502338855
280,Mattapoisett,2085,185,1148,190,71,57,190,114,200,82,112,68,157,86,188,75,34,39,95,108,101,76,0,17,937,183,377,125,185,102,144,85,45,42,41,48,0,17,49,45,15,23,48,46,33,38,0600000US2502339450
281,Middleborough,7455,302,5391,368,224,100,668,149,1306,263,959,230,729,201,419,133,152,72,291,130,643,152,0,23,2064,279,809,200,331,116,355,117,139,98,170,85,75,53,11,18,34,38,111,64,29,34,0600000US2502340850
282,Norwell,3426,123,2535,160,145,63,459,116,388,103,467,100,310,87,195,76,75,46,98,47,354,92,44,47,891,154,256,93,220,78,28,22,94,54,96,59,62,38,22,24,43,34,70,44,0,19,0600000US2502350145
283,Pembroke,5566,241,4183,294,220,99,819,186,673,155,810,192,524,175,354,127,160,91,167,111,456,173,0,19,1383,236,272,106,445,153,233,98,177,87,81,57,9,14,28,32,19,23,119,86,0,19,0600000US2502352630
284,Plymouth,18611,571,13355,581,715,172,1514,279,2322,294,2207,357,1651,297,1176,252,666,204,985,231,2099,301,20,22,5256,489,1980,291,778,148,622,174,418,132,420,159,155,80,281,135,191,81,385,158,26,30,0600000US2502354310
285,Plympton,872,67,677,66,16,17,75,29,93,30,141,40,162,54,60,33,28,26,25,20,77,43,0,12,195,53,59,30,64,28,23,16,6,8,12,9,0,12,5,7,10,11,16,14,0,12,0600000US2502354415
286,Rochester,1795,111,1269,117,66,35,223,81,292,88,241,86,94,50,101,63,48,31,44,42,160,77,0,17,526,101,153,65,104,57,110,54,65,38,40,59,0,17,22,19,8,12,24,23,0,17,0600000US2502357600
287,Rockland,5221,355,3770,333,120,85,494,156,869,211,533,171,440,123,191,90,198,129,341,163,584,170,0,19,1451,259,359,126,313,146,133,68,83,53,162,79,37,34,25,28,62,61,215,108,62,57,0600000US2502357775
288,Scituate,6308,343,4497,299,380,142,770,149,686,189,610,162,504,164,430,111,277,118,254,116,572,214,14,23,1811,247,637,149,377,166,162,82,193,85,86,60,55,50,55,52,96,62,137,75,13,20,0600000US2502360330
289,Wareham,6891,499,4356,470,239,136,512,165,871,234,777,245,717,177,269,110,207,118,380,177,384,166,0,23,2535,305,601,190,441,168,395,127,216,106,183,85,149,110,87,59,123,100,327,163,13,22,0600000US2502372985
290,West Bridgewater,2165,134,1558,125,56,38,274,78,275,79,342,103,185,81,130,56,60,39,133,63,103,53,0,17,607,129,150,63,114,51,87,59,38,28,45,45,37,39,16,19,30,24,90,64,0,17,0600000US2502375260
291,Whitman,3856,242,2786,209,150,76,283,97,486,122,622,155,370,113,292,106,177,72,150,68,247,93,9,16,1070,183,315,109,301,102,154,90,122,53,35,28,30,26,28,26,37,26,48,34,0,19,0600000US2502379530
292,"County subdivisions not defined, Suffolk County, Massachusetts",0,12,0,12,0,12,0,12,0,12,0,12,0,12,0,12,0,12,0,12,0,12,0,12,0,12,0,12,0,12,0,12,0,12,0,12,0,12,0,12,0,12,0,12,0,12,0600000US2502500000
293,Boston,94406,1590,69301,1495,4837,423,10849,713,12990,700,10217,531,7001,553,5080,525,3250,387,4393,436,10256,686,428,160,25105,792,10735,594,3833,372,2619,332,1635,287,1159,219,828,183,598,195,770,180,2464,358,464,123,0600000US2502507000
294,Chelsea,3439,332,2511,294,201,86,261,106,357,113,379,128,356,126,170,95,231,125,153,68,396,130,7,11,928,205,342,118,111,71,157,83,51,38,62,41,35,28,50,53,49,38,59,53,12,18,0600000US2502513205
295,Revere,9588,597,6234,532,292,104,625,184,825,217,837,195,763,180,614,154,265,95,709,229,1304,290,0,29,3354,358,839,183,588,144,676,180,244,94,182,85,128,54,197,86,153,54,347,96,0,29,0600000US2502556585
296,Winthrop,4378,279,2808,260,113,66,411,110,473,122,599,154,297,88,186,72,134,79,175,92,420,134,0,19,1570,209,450,154,228,79,257,99,185,63,39,32,28,33,70,52,29,23,240,98,44,52,0600000US2502581005
297,Ashburnham,1858,153,1526,163,201,105,201,101,293,111,181,82,253,136,146,87,58,54,90,81,103,81,0,17,332,105,72,57,79,52,13,22,60,48,0,17,0,17,0,17,76,68,32,40,0,17,0600000US2502701885
298,Athol,3340,228,2228,171,189,83,500,133,515,134,196,76,207,76,189,94,43,29,70,47,300,109,19,20,1112,165,268,93,226,75,173,59,95,38,127,69,17,19,19,22,41,33,112,58,34,45,0600000US2502702480
299,Auburn,5667,196,3644,167,227,76,723,119,797,146,482,98,448,116,267,89,221,97,160,55,306,91,13,17,2023,171,595,105,389,94,276,85,285,98,99,40,67,45,99,59,62,38,127,56,24,19,0600000US2502702760
300,Barre,1695,244,1187,209,120,81,105,83,288,114,163,109,177,109,57,54,60,57,32,36,169,104,16,27,508,167,218,121,147,79,76,57,17,27,15,24,0,17,0,17,17,27,18,28,0,17,0600000US2502703740
301,Berlin,973,73,602,76,48,22,79,30,85,39,109,45,43,28,87,46,12,10,22,17,117,57,0,12,371,74,104,41,107,44,41,23,54,28,27,20,18,17,3,6,0,12,17,15,0,12,0600000US2502705490
302,Blackstone,2739,182,2087,195,80,45,330,127,462,129,417,125,275,117,161,70,58,34,159,70,137,68,8,13,652,129,249,87,103,42,70,46,76,59,30,30,67,57,16,26,7,11,34,27,0,17,0600000US2502706015
303,Bolton,1626,74,1228,94,32,29,195,78,329,111,215,66,140,64,85,43,49,26,56,36,127,50,0,17,398,84,179,55,80,46,64,42,29,27,6,10,12,18,0,17,22,25,6,11,0,17,0600000US2502706365
304,Boylston,1499,105,1009,109,58,38,110,47,292,87,170,72,92,57,72,41,69,58,28,25,109,52,9,14,490,108,167,65,120,51,41,31,49,30,61,58,9,13,9,13,8,12,9,15,17,19,0600000US2502707525
305,Brookfield,1219,121,747,106,84,52,107,50,105,43,91,50,115,66,48,43,36,33,46,49,115,64,0,12,472,111,166,77,75,51,59,40,33,26,8,14,34,26,9,14,20,24,68,54,0,12,0600000US2502709105
306,Charlton,4006,208,3202,249,367,141,589,192,775,159,668,173,185,94,184,111,166,96,62,48,206,104,0,19,804,175,394,139,135,64,88,68,61,46,11,16,32,36,0,19,16,18,52,42,15,24,0600000US2502712715
307,Clinton,2979,263,2126,252,153,64,372,123,433,127,324,94,214,97,172,96,61,46,120,63,273,118,4,7,853,191,275,121,149,84,88,49,112,57,44,27,82,60,21,19,23,26,59,41,0,19,0600000US2502714395
308,Douglas,2614,247,1982,233,76,58,441,140,401,138,386,160,320,120,139,99,15,24,124,69,80,80,0,17,632,178,241,127,109,98,62,43,44,41,29,35,44,71,0,17,46,75,42,67,15,25,0600000US2502717300
309,Dudley,2647,204,1781,189,157,108,292,93,274,98,308,80,243,124,148,68,67,48,63,49,196,93,33,45,866,169,344,111,204,92,104,55,76,54,41,54,0,19,32,36,28,34,37,36,0,19,0600000US2502717685
310,East Brookfield,671,75,470,70,11,13,84,36,97,52,120,42,32,22,49,32,22,29,13,15,37,21,5,9,201,47,71,31,46,27,24,17,0,12,5,7,4,8,19,23,24,28,4,5,4,6,0600000US2502718560
311,Fitchburg,8010,424,5473,393,226,108,662,142,1124,208,1102,232,630,147,644,164,199,89,386,128,482,113,18,21,2537,300,583,137,553,169,340,132,264,97,134,66,193,122,88,77,104,68,262,95,16,18,0600000US2502723875
312,Gardner,4282,280,2734,228,214,111,335,98,519,147,591,125,362,108,157,88,98,63,131,60,316,117,11,17,1548,202,424,113,416,129,211,72,158,75,57,45,39,40,98,87,58,44,87,62,0,23,0600000US2502725485
313,Grafton,5384,226,4275,248,225,75,634,146,1144,208,720,188,617,149,270,97,166,72,173,79,326,89,0,19,1109,164,348,108,211,84,70,36,141,70,62,40,76,43,53,36,65,43,77,58,6,9,0600000US2502726430
314,Hardwick,823,101,501,75,52,22,68,29,156,66,78,39,20,17,58,41,16,16,6,8,47,27,0,12,322,88,100,37,70,32,81,50,18,30,28,37,0,12,13,13,7,9,5,8,0,12,0600000US2502728740
315,Harvard,1775,137,1194,129,98,58,260,94,270,98,207,70,208,74,25,23,18,20,21,26,87,45,0,17,581,111,172,67,161,56,50,35,12,20,42,58,37,30,11,17,64,63,32,38,0,17,0600000US2502728950
316,Holden,6264,228,4547,230,311,108,772,132,1303,159,735,137,476,118,298,101,135,58,156,74,336,87,25,39,1717,191,635,128,420,93,182,77,159,97,46,29,50,37,34,23,51,46,115,59,25,22,0600000US2502730560
317,Hopedale,1836,132,1040,146,13,21,208,93,236,92,320,116,98,81,108,76,22,35,0,17,35,40,0,17,796,145,295,113,106,70,74,64,79,63,18,28,39,47,8,15,156,96,21,34,0,17,0600000US2502730945
318,Hubbardston,1475,136,998,142,37,29,238,96,158,60,223,75,100,50,77,58,18,20,69,64,78,57,0,12,477,104,139,57,89,47,86,46,78,60,28,25,10,15,9,13,10,16,28,25,0,12,0600000US2502731435
319,Lancaster,1950,322,1363,247,0,17,216,102,323,122,186,103,82,55,152,76,131,113,225,116,48,46,0,17,587,179,192,113,158,80,35,37,93,65,29,33,0,17,16,25,29,35,35,29,0,17,0600000US2502734165
320,Leicester,3138,248,2145,232,102,84,277,102,682,161,226,90,259,109,205,112,41,29,99,63,254,123,0,19,993,206,534,156,154,95,94,57,48,40,49,39,10,15,28,34,15,22,61,44,0,19,0600000US2502734795
321,Leominster,9722,447,6665,410,307,126,1170,228,1100,174,1070,237,993,221,455,124,405,142,380,121,736,193,49,39,3057,345,780,152,650,167,421,168,122,57,395,145,215,130,104,67,152,77,189,101,29,33,0600000US2502735075
322,Lunenburg,3610,212,2492,242,150,85,443,164,673,167,494,115,265,99,204,103,76,52,86,51,101,59,0,19,1118,206,314,121,213,89,99,61,70,49,53,46,59,45,71,47,115,85,109,82,15,24,0600000US2502737420
323,Mendon,1838,121,1467,162,164,99,143,89,375,134,99,72,153,81,209,124,52,61,131,69,141,97,0,17,371,120,199,97,46,39,11,19,42,35,0,17,13,21,0,17,35,35,25,29,0,17,0600000US2502740255
324,Milford,7624,449,5688,454,275,108,773,173,1218,258,949,228,837,215,344,129,213,94,451,139,616,165,12,20,1936,248,618,192,326,106,232,78,210,93,112,72,94,54,50,41,34,39,244,137,16,19,0600000US2502741165
325,Millbury,3864,285,2667,250,225,94,392,158,736,200,398,149,265,126,218,91,164,95,95,65,154,73,20,26,1197,241,424,151,195,81,161,97,117,79,31,23,108,78,16,22,13,20,132,84,0,19,0600000US2502741340
326,Millville,962,91,703,83,19,16,61,30,137,57,215,67,66,38,74,37,19,22,46,27,66,28,0,12,259,61,86,35,28,20,36,20,37,28,16,15,0,12,0,12,9,10,47,37,0,12,0600000US2502741585
327,New Braintree,397,44,275,42,21,15,27,13,51,23,79,20,32,22,25,16,16,14,9,7,15,9,0,12,122,26,57,21,24,11,10,8,2,3,4,4,8,8,9,7,5,6,0,12,3,4,0600000US2502745105
328,Northborough,4365,229,3191,242,294,97,512,129,619,148,598,130,368,118,262,111,114,61,189,103,235,88,0,19,1174,210,593,149,168,81,122,70,67,43,29,27,28,31,29,26,47,42,85,55,6,10,0600000US2502746820
329,Northbridge,3921,272,2962,298,201,92,516,142,673,143,630,186,284,110,100,65,112,78,111,68,297,118,38,47,959,194,372,131,143,86,234,92,133,96,24,27,0,19,11,19,0,19,32,37,10,18,0600000US2502746925
330,North Brookfield,1346,141,905,131,24,25,164,58,170,64,272,87,93,47,58,41,6,10,76,50,42,30,0,12,441,107,212,79,91,43,29,23,27,23,8,13,0,12,8,12,32,41,29,31,5,8,0600000US2502747135
331,Oakham,654,48,429,50,16,12,72,22,70,24,98,28,42,18,25,13,35,24,13,8,58,22,0,12,225,42,97,24,54,23,28,17,3,5,13,16,4,6,0,12,0,12,18,11,8,7,0600000US2502750670
332,Oxford,3803,271,2928,300,67,52,635,167,571,158,545,148,280,124,277,161,103,74,116,75,334,109,0,19,875,220,274,140,143,110,43,47,72,78,58,55,67,50,45,41,65,55,85,57,23,36,0600000US2502751825
333,Paxton,1430,154,1010,132,88,53,201,70,227,88,127,61,140,59,64,39,64,52,13,16,86,50,0,12,420,87,118,40,101,48,103,57,15,17,32,41,19,21,0,12,15,16,17,19,0,12,0600000US2502752420
334,Petersham,406,47,233,35,14,11,60,22,39,23,26,14,16,10,31,17,9,7,20,13,18,9,0,12,173,36,61,22,26,11,15,9,16,10,6,8,4,5,6,6,9,14,28,22,2,4,0600000US2502753120
335,Phillipston,589,58,394,53,14,8,46,24,81,27,69,26,38,16,62,31,17,10,13,11,54,24,0,12,195,42,65,28,36,14,22,12,29,20,11,8,5,7,0,12,7,7,20,17,0,12,0600000US2502753225
336,Princeton,1215,61,820,75,83,54,210,67,165,65,108,43,112,58,50,34,17,18,22,24,53,36,0,12,395,85,171,64,58,36,27,25,37,30,27,26,7,12,0,12,0,12,68,51,0,12,0600000US2502755395
337,Royalston,465,61,295,52,24,18,66,25,29,17,49,24,27,16,34,19,21,14,24,19,21,15,0,12,170,52,92,41,24,15,23,15,3,5,3,5,0,12,11,18,7,7,4,7,3,6,0600000US2502758580
338,Rutland,2369,181,1913,195,71,71,354,115,396,112,416,146,306,132,97,69,71,60,130,106,72,53,0,17,456,137,158,88,122,73,61,67,61,42,42,44,0,17,12,18,0,17,0,17,0,17,0600000US2502758825
339,Shrewsbury,9967,357,6868,400,765,210,1259,215,1447,254,1191,251,1011,204,226,103,287,140,301,131,364,138,17,27,3099,324,1345,228,510,158,326,120,186,92,117,86,204,121,63,51,158,105,163,83,27,32,0600000US2502761800
340,Southborough,3187,144,2244,173,191,70,342,96,487,110,289,92,255,83,117,83,135,61,196,65,232,91,0,19,943,145,440,97,91,42,113,60,75,38,50,32,41,25,9,15,41,40,83,43,0,19,0600000US2502763165
341,Southbridge,3012,198,2085,205,95,51,247,76,321,106,444,126,216,81,147,65,195,91,213,79,207,68,0,19,927,148,247,75,211,72,156,72,48,33,72,45,28,23,6,11,42,34,106,58,11,16,0600000US2502763345
342,Spencer,3447,232,2468,227,116,73,310,108,508,165,489,171,383,115,132,75,146,95,109,71,275,146,0,19,979,193,358,130,229,115,114,68,83,78,20,32,91,92,43,52,41,48,0,19,0,19,0600000US2502766105
343,Sterling,2512,200,1784,212,228,121,435,153,383,153,327,101,89,55,80,58,15,24,30,33,197,125,0,17,728,165,270,95,85,76,133,68,93,81,75,68,14,21,16,26,0,17,42,41,0,17,0600000US2502767385
344,Sturbridge,2942,278,2177,248,101,63,269,117,387,124,425,159,220,77,215,99,123,104,116,59,315,139,6,8,765,226,115,65,189,77,129,65,16,17,91,101,41,40,0,17,56,44,112,125,16,25,0600000US2502768155
345,Sutton,3087,252,2040,227,97,71,453,114,281,107,287,101,272,119,143,82,55,42,176,112,264,139,12,19,1047,182,417,130,182,72,116,68,124,82,75,52,18,28,20,22,31,29,53,73,11,17,0600000US2502768610
346,Templeton,2731,223,1890,245,169,120,494,173,292,127,319,143,210,115,56,56,72,76,83,58,195,125,0,17,841,194,292,134,176,99,110,64,82,62,0,17,53,85,19,31,10,17,99,95,0,17,0600000US2502769275
347,Upton,2317,212,1706,193,104,82,338,124,381,139,279,108,145,83,181,100,106,67,27,40,124,80,21,33,611,175,247,121,91,60,103,87,52,36,44,43,32,37,0,17,31,33,11,19,0,17,0600000US2502771480
348,Uxbridge,4038,286,2923,239,132,70,471,153,836,233,505,154,322,142,220,116,122,69,68,71,247,109,0,19,1115,204,387,133,134,89,165,97,132,73,58,44,24,28,101,70,12,20,102,73,0,19,0600000US2502771620
349,Warren,1446,170,1016,187,72,68,187,95,226,117,78,76,156,99,24,37,41,63,82,78,150,102,0,17,430,162,100,81,34,51,15,24,128,120,44,51,56,56,0,17,0,17,53,60,0,17,0600000US2502773090
350,Webster,3795,258,2604,230,158,78,295,106,355,121,483,147,454,173,248,153,204,122,94,53,292,119,21,25,1191,185,376,107,350,115,141,62,61,45,62,39,36,35,29,28,31,22,84,49,21,23,0600000US2502773895
351,Westborough,4450,226,3180,212,226,87,673,145,785,142,563,135,292,81,223,79,100,49,128,63,166,72,24,28,1270,160,446,107,242,84,208,77,82,43,44,32,63,45,8,12,7,10,161,78,9,14,0600000US2502775015
352,West Boylston,1932,304,1208,221,158,67,173,70,296,109,162,65,138,66,83,48,21,19,41,32,136,61,0,17,724,156,192,52,149,64,100,46,65,40,70,42,16,18,34,41,7,12,86,41,5,9,0600000US2502775155
353,West Brookfield,1018,144,630,130,33,29,104,62,134,73,161,65,30,27,58,42,28,27,38,48,35,33,9,15,388,100,130,60,84,46,36,27,30,27,61,54,10,16,10,15,16,20,11,17,0,12,0600000US2502775400
354,Westminster,2609,197,1822,248,154,105,294,124,560,165,193,122,152,91,223,114,13,23,88,99,145,82,0,17,787,188,246,101,216,116,64,51,119,76,0,17,29,31,65,95,0,17,48,45,0,17,0600000US2502777010
355,Winchendon,2713,265,2123,264,137,99,519,190,441,155,261,114,214,88,172,107,104,52,58,62,217,142,0,19,590,187,207,101,41,30,160,105,19,16,44,66,33,36,30,36,0,19,56,57,0,19,0600000US2502780405
356,Worcester,29553,853,19992,756,1185,239,2905,335,3716,426,3052,342,2646,322,1270,207,1000,232,1408,257,2596,390,214,105,9561,596,3171,396,1693,242,1050,163,640,134,568,142,528,157,319,120,446,153,1004,210,142,82,0600000US2502782000
